"open","sst","G_menardii","G_siphonifera","O_universa","G_sacculifer","G_ruber_pink","G_ruber_white","P_obliquiloculata","N_dutertrei","G_calida","G_crassaformis","G_glutinata","G_truncatulinoides","G_bulloides","G_falconensis"
"21/01/08","-0.11202581202584","0.0429359398200168","-0.131581819707703","0.043074185637433","0.105256300012468","0.322050406552938","0.21173346217639","-0.39466791530902","-0.207082411227131","-0.672302622330436","-0.00167748503858382","0.0507309404943634","1.61951442064013","-0.0701319648379313","-4.39494733347306"
"28/01/08","-0.0574840724951054","0.0391124353243633","-0.122692329970085","0.03950574877247","0.094090658075838","0.304937838601764","0.199584559755942","-0.37724560002848","-0.192638844499948","-0.637819811679064","-0.00314805079471779","0.0486509015654194","1.58758039341742","-0.0654110641024876","-1.89645786736887"
"04/02/08","-0.013978901888229","0.0360541112918312","-0.115582448195968","0.036651315308286","0.0851593916384372","0.291249423427532","0.189866648458595","-0.363309552267359","-0.181085494358202","-0.610238296257269","-0.00432437066951724","0.0469871463057793","1.562042423939","-0.0616350149428499","-1.85193542535439"
"11/02/08","0.0476113944253038","0.0322317771472167","-0.106697126772154","0.0330835914730063","0.0739965387941971","0.274140463196962","0.177720416546798","-0.345891249347861","-0.166645283842477","-0.575766622886002","-0.00579464251938698","0.0449078221645451","1.5301378030083","-0.0569157588087676","-0.609565093060556"
"18/02/08","0.103211682463926","0.0291743740965915","-0.0995903646297882","0.0302296182338272","0.06506697256977","0.260454198760842","0.168004068578282","-0.331957708598884","-0.155093996544887","-0.548192851377393","-0.00697078082742564","0.0432446566909826","1.50463393421191","-0.0531409680939918","0.145071099670079"
"25/02/08","0.160530879337434","0.0261174110506863","-0.0924848493140845","0.0273757659306275","0.0561378085163752","0.246768481653863","0.15828804754595","-0.318024885315275","-0.143543241883793","-0.520621765472138","-0.00814687341236989","0.04158177695098","1.4791511063545","-0.0493666873518531","0.219161492880431"
"03/03/08","0.20212865664882","0.0238249638643101","-0.0871564613415152","0.0252354145291267","0.0494411589226476","0.23650444395521","0.151001158061599","-0.307575575654519","-0.134880378279656","-0.499944953361662","-0.00902892975368232","0.0403348172524638","1.46005325805875","-0.0465362892037646","0.12568520123823"
"10/03/08","0.253680088324975","0.0207686918677164","-0.0800528623414624","0.0223816275863091","0.0405127488246302","0.22281929587282","0.14128544499439","-0.293643402775683","-0.123329981892056","-0.472377387220726","-0.0102050104431483","0.0386724839283217","1.43460884208218","-0.0427628018010371","-0.064228047836855"
"17/03/08","0.277644837075076","0.0192406850259229","-0.0765014159608257","0.0209547427357134","0.0360488135103849","0.215976823087598","0.136427652604353","-0.286677379876274","-0.117554751120442","-0.458594070888216","-0.0107930621709573","0.0378414510076869","1.4218950275828","-0.0408762074432976","-0.119577015061097"
"24/03/08","0.322502535285164","0.0161849417084212","-0.0693991241971262","0.0181010132497595","0.0271215973671933","0.202292116737766","0.126712207225888","-0.272745388421607","-0.106004047909571","-0.431027983206338","-0.0119692101575954","0.0361796992418636","1.39648421612847","-0.0371032952311782","-0.0546971051190853"
"31/03/08","0.354625180958414","0.0138934220054233","-0.0640728611861253","0.0159607757608861","0.020426754777918","0.192028806445679","0.119425731572338","-0.262296388210402","-0.0973406635270588","-0.410353578290567","-0.0128513758547355","0.0349337037072686","1.37744069097547","-0.0342738358069165","-0.00729632987922351"
"07/04/08","0.398625066891117","0.0108384776707028","-0.0569717098295787","0.0131072546418302","0.0115010361035626","0.178344597514492","0.10971047662872","-0.248364364923449","-0.0857888455215383","-0.382787131275433","-0.0140276778477535","0.0332728720711403","1.3520686047238","-0.030501480889982","0.00504642363233207"
"14/04/08","0.434388234079992","0.00854756919363334","-0.0516461894356695","0.0109672300715054","0.00480726405431653","0.168081474461939","0.102423987065932","-0.237915350695531","-0.0771244345714518","-0.362111361097992","-0.0149099693960217","0.0320276457847244","1.33305381568666","-0.0276723781048332","-0.000896302976435079"
"21/04/08","0.484136413669162","0.00549338550718209","-0.044545845181737","0.00811402102994765","-0.00411713742718937","0.154397215186867","0.0927085319529721","-0.223983387678188","-0.0655710907710253","-0.334541878481012","-0.0160864315148069","0.0303678763819886","1.30771943272039","-0.0239004139187996","-0.000870647844394016"
"28/04/08","0.518457187957025","0.00320300183001653","-0.039220769258282","0.0059742356561989","-0.010809970754858","0.144133949313654","0.0854218420481058","-0.213534495669152","-0.0569054421681004","-0.3138631356858","-0.0169687996094359","0.0291234482657506","1.28873242114842","-0.021071538430444","0.0110703358933121"
"05/05/08","0.554692701124507","0.000149487835180491","-0.0321208009808214","0.00312140567391344","-0.0197330221494424","0.130449533327151","0.0757061328658168","-0.199602812065672","-0.0453503563275892","-0.286289031358658","-0.0181452667357626","0.0274647434998335","1.26343433423514","-0.0172998084331804","0.0143981753861841"
"12/05/08","0.571822801390902","-0.00214042636747135","-0.0267958973212722","0.000982011137819665","-0.0264246819577481","0.120186140261134","0.0684191920821144","-0.189154226231932","-0.0366833649753016","-0.265606523590007","-0.0190275929816898","0.026221107331378","1.24447386554781","-0.0144710767645307","0.00721664341034308"
"19/05/08","0.580270158979782","-0.0051934115186492","-0.0196960810336522","-0.0018701403522909","-0.0353460239737234","0.106501410662694","0.0587029527097704","-0.17522309352336","-0.0251264709638063","-0.238027167172946","-0.0202040060519035","0.0245634380563441","1.21921015259771","-0.0106995048078361","-0.00300783609964001"
"26/05/08","0.57570826286646","-0.00748302321712534","-0.0143712069728684","-0.00400895161996597","-0.0420364252593062","0.0962376198979898","0.05141546519787","-0.164775043617329","-0.0164581322442488","-0.217340551386676","-0.0210863007370452","0.0233205598873097","1.20027466531727","-0.00787086627721315","-0.00945063935608446"
"02/06/08","0.552642436065968","-0.0105357553910146","-0.0072712749547166","-0.00686029680258992","-0.0509563210791772","0.0825520658613062","0.0416982576145364","-0.150844818500157","-0.00489949951835189","-0.189755443306632","-0.0222626622120761","0.0216638565118615","1.17504315848672","-0.00409938389569204","-0.0168301845380501"
"09/06/08","0.521242900520282","-0.0128253059379656","-0.00194623639678997","-0.00899851120158402","-0.057645894035079","0.0722874560817836","0.034409848625367","-0.140397605673589","0.00377007479152688","-0.169064305993673","-0.023144906445141","0.0204216606608406","1.15613096006982","-0.00127078635343955","-0.00718874153079265"
"16/06/08","0.460541526283044","-0.0158781395650473","0.00515395344912719","-0.011849084417728","-0.0665650717789163","0.0586005940871116","0.0246911777269441","-0.126468709384955","0.0153302350979468","-0.141472938028461","-0.0243211993872276","0.0187658162563058","1.1309292955285","0.00250067641369366","0.00236213131781542"
"23/06/08","0.423339258852597","-0.0174046298762769","0.00870411118389849","-0.0132742120956915","-0.0710246257567876","0.0517567964252139","0.0198314451591465","-0.119504609945809","0.021110597100674","-0.127675857715606","-0.0249093343764211","0.0179380600585914","1.11833449208618","0.00438641395709549","0.000259449623138148"
"30/06/08","0.339305620939426","-0.020457818538348","0.0158045385227118","-0.0161241610456202","-0.0799438096201252","0.038068323671313","0.0101110468305508","-0.105577196295714","0.0326718183939726","-0.100078848635725","-0.0260855846091668","0.0162828429110372","1.09315643005432","0.00815791585729286","-2.10771308823295e-05"
"07/07/08","0.293282376993031","-0.021984544969472","0.0193547970738686","-0.0175489931102233","-0.0844034950343044","0.0312236023290188","0.00525035439071663","-0.0986139179917568","0.0384526535048257","-0.0862789038863388","-0.0266736988758486","0.0154553693236667","1.08057296201496","0.010043686271085","-0.000987225820864469"
"14/07/08","0.194601866699192","-0.0250383325533954","0.0264553770989898","-0.0203983928587545","-0.0933231375951604","0.0175332150153109","-0.00447202317316945","-0.0846883089725645","0.0500147261308171","-0.0586761082414374","-0.0278498897882751","0.0138006647627509","1.05541661865821","0.0138152807815016","0.0022970477250239"
"21/07/08","0.142162737164347","-0.0265654232318774","0.0300056870444151","-0.0218229660074887","-0.0977831194953491","0.0106875966981045","-0.00933370826118243","-0.0777260146034536","0.0557959462890074","-0.0448732544069103","-0.0284379574098139","0.0129734228714523","1.04284352522945","0.015701110537276","0.0105011325502119"
"31/07/08","0.0305604925828172","-0.0296200825442666","0.0371063092697126","-0.024671876428836","-0.106703539186658","-0.0030044734275476","-0.0190581782213744","-0.0638025364163673","0.067358686981937","-0.0172646416750608","-0.0296140294802595","0.0113191245332095","1.01770693977872","0.0194728488716091","0.0155254662278593"
"07/08/08","0.0013505576793161","-0.0303838592019868","0.038881463518844","-0.0253840568815007","-0.108933756952827","-0.00642766103546","-0.0214895375885273","-0.0603219111922933","0.070249425674744","-0.0103618827547829","-0.0299080336922046","0.010905583924523","1.01142471216757","0.0204158019206742","0.0116596659895534"
"14/08/08","-0.0582125156043948","-0.0319115609657965","0.0424317742787757","-0.026808362567587","-0.113394343768215","-0.0132742301881452","-0.0263525532807108","-0.0533609692022215","0.0760309584498405","0.00344436559346433","-0.0304960247063206","0.0100785389104125","0.998862461034815","0.0223017326819531","-0.00256681847178997"
"21/08/08","-0.118393724931985","-0.0334394739812464","0.0459820933653445","-0.0282325961339174","-0.117855148131217","-0.0201210535092091","-0.0312159719648752","-0.0464004532514833","0.0818125551615804","0.0172515944371726","-0.0310839884673963","0.00925153676670115","0.986303053805188","0.0241876986271625","-0.0182598590937449"
"28/08/08","-0.177741785317596","-0.0349676140756258","0.0495324278091171","-0.0296567597718847","-0.122316189928365","-0.0269681306557328","-0.0360798036630542","-0.0394403812626511","0.0875942024247063","0.0310598136086629","-0.0316719176210946","0.00842457002760067","0.973746375650133","0.026073702439257","-0.0214332188057558"
"04/09/08","-0.23519823927976","-0.0364959973232286","0.0530827805355997","-0.0310808585260196","-0.126777484380459","-0.0338154640154227","-0.0409440643673305","-0.0324807712616411","0.0933758851898176","0.0448690289104112","-0.0322598081428294","0.00759763048207765","0.961192310150074","0.0279597467573343","-0.0110182660972648"
"11/09/08","-0.290117988821355","-0.0380246400544081","0.0566331503201999","-0.032504900279965","-0.131239041984096","-0.04066305844604","-0.0458087759695266","-0.0255216413667305","0.0991575868195546","0.0586792419951292","-0.0328476594806316","0.0067707092251912","0.948640739342914","0.0298458341806667","0.000817219271000342"
"18/09/08","-0.342045277952454","-0.0395535586184867","0.0601835357843106","-0.0339288912496465","-0.135700862596731","-0.0475109083836312","-0.0506739467557396","-0.0185630095388951","0.104939291525475","0.0724904541694424","-0.0334354716006655","0.00594379808542233","0.936091545066412","0.0317319673025168","0.00387330945412462"
"25/09/08","-0.414870314042194","-0.0418474893101048","0.0655091407998662","-0.0360647800115297","-0.142393993035807","-0.0577830561770247","-0.0579724578137411","-0.00812603342776377","0.113611828260308","0.093209147201545","-0.0343171195320318","0.00470343940904346","0.917271949897433","0.0345612583072084","-0.0067252338431906"
"02/10/08","-0.482144221337507","-0.044142121860378","0.0708347862086523","-0.0382005532258007","-0.14908752171359","-0.0680555620859075","-0.0652717773379205","0.00230972969205394","0.122284314689945","0.113930098732521","-0.035198690476579","0.00346307845655089","0.89845702989056","0.0373906668086142","0.00495726322951086"
"09/10/08","-0.562434287658256","-0.0472027649999683","0.0779357543031932","-0.0410480995075612","-0.15801287533975","-0.0817528221973385","-0.0750054766381346","0.0162221127234121","0.133847522815488","0.1415615843452","-0.0363740168067683","0.00180924324593626","0.873377031747527","0.0411634099275752","0.141832302801"
"16/10/08","-0.629402696686028","-0.0502646970368821","0.0850369002490756","-0.0438955178292135","-0.16693902848243","-0.09545072618163","-0.0847405913410852","0.0301321431853717","0.14541059502429","0.16919718922155","-0.0375492443682556","0.00015539348706222","0.848303633421856","0.0449363980047763","0.03565505026892"
"26/10/08","-0.692948694923097","-0.0548600004937389","0.0956890833022306","-0.0481665191546691","-0.180329761216838","-0.115998261196323","-0.0993451424445725","0.0509925257081113","0.162754905188755","0.210658425660959","-0.0393119412854107","-0.00232531900667072","0.810703737775307","0.0505963793493246","-0.108019550989364"
"02/11/08","-0.704113265606014","-0.0579250468119697","0.102790900144293","-0.051013847198592","-0.189257894458384","-0.12969692618324","-0.109082559801068","0.0648961853297287","0.174317522892082","0.238304501427049","-0.0404870149053418","-0.00397909369818528","0.785642472668987","0.0543700587706792","-0.0323644540567249"
"09/11/08","-0.689727839958382","-0.0609911509388933","0.109893039778321","-0.0538612563119897","-0.198186915648396","-0.143396041846786","-0.118820976196184","0.0787971780237557","0.18587991528317","0.265954799109288","-0.041662068145029","-0.00563289162353066","0.760584289823516","0.0581440452002461","0.206447268516256"
"16/11/08","-0.664590439808111","-0.0632913956806512","0.115219892397129","-0.0559969000681245","-0.204884312064604","-0.153670808850337","-0.12612554386126","0.0892212770175164","0.194551576381525","0.286695300737745","-0.0425433570878028","-0.00687327723025885","0.741792056444785","0.0609747463355817","-0.39419628953033"
"23/11/08","-0.614422978611947","-0.0663591943190663","0.122322808510075","-0.0588445675335767","-0.213815044408702","-0.167371224569473","-0.135866036946365","0.103118179563438","0.206113693487548","0.314353015240149","-0.0437184336523259","-0.00852719596321633","0.716736781270097","0.0647493098682411","0.762085512316648"
"30/11/08","-0.549456602765227","-0.0694277618578964","0.129426419641576","-0.0616924391901853","-0.222746821524167","-0.181072659626729","-0.145607765706259","0.117013559044626","0.217675910991675","0.342014973474732","-0.044893572607624","-0.0101812266286238","0.691681723020612","0.0685242269510242","-0.409580679041152"
"07/12/08","-0.495027881341657","-0.0717295960046549","0.134754695007289","-0.0638285169928941","-0.229446387151957","-0.191349565391322","-0.152914908405584","0.12743470138383","0.226347863459547","0.362764234888526","-0.045774987955267","-0.0114218487349018","0.672889931729214","0.0713556728776025","3.67199776190876"
"14/12/08","-0.419679567545352","-0.0747991568346462","0.141859905917622","-0.0666769103954731","-0.23838018094416","-0.205053474150849","-0.162659011569577","0.141329932422004","0.237911277264007","0.390433682797365","-0.0469503143728617","-0.0130761795653378","0.647832686102679","0.0751313524598008","36.8634256247098"
"21/12/08","-0.346461933368851","-0.0778691952568193","0.148966129353075","-0.0695256967938511","-0.247315278253802","-0.218759219269277","-0.172404610558384","0.155226239245357","0.249476075838979","0.418107494540643","-0.0481257911601001","-0.0147307438747857","0.622772712870202","0.0789075607565028","18.5698762373515"
"28/12/08","-0.278163798750327","-0.0809397412762579","0.156073449648024","-0.0723749353465924","-0.256251833829252","-0.23246713128929","-0.182151801648435","0.169124373083143","0.26104264703686","0.445785858405995","-0.0493014489431507","-0.016385571665963","0.597708965610901","0.0826843593489691","-31.8210803268713"
"04/01/09","-0.230873602168813","0.0498201368028123","-0.147588782177112","0.0494988817859671","0.125359782980125","0.352860559170693","0.233606951747172","-0.426036043652668","-0.233087715578828","-0.734389646308646","0.000970159544266512","0.0544759519595662","1.67701607662518","-0.0786320407947189","-21.1484091475606"
"09/01/09","-0.201474191407375","0.0482900819819114","-0.144031044762401","0.0480709704587201","0.120891683571736","0.346012881979752","0.228745469576682","-0.419064347839353","-0.227307888252683","-0.720590434956917","0.000381709595654585","0.0536436097398391","1.6642359752158","-0.0767428505765516","-8.44391221908997"
"16/01/09","-0.147922324854947","0.0452303843292226","-0.136916646717596","0.0452155074764587","0.111956646634079","0.332319269277433","0.219023763387755","-0.405122721137518","-0.215749762702488","-0.69299566161116","-0.000795039147941997","0.0519791352850507","1.63867910118389","-0.0729649659021251","1.1344695584459"
"23/01/09","-0.08968216148431","0.0414064552894192","-0.128025737891306","0.0416467515956479","0.100789815190819","0.315205072629814","0.206873676987611","-0.387698655990073","-0.201304704766601","-0.658508674934956","-0.00226573598041971","0.0498988813537486","1.60673958929194","-0.0682434905593149","-4.35906675430897"
"30/01/09","-0.0360934074300765","0.0375832216189382","-0.119137201938123","0.0380785007798527","0.089624900486734","0.298093470830316","0.194725484871652","-0.370277398659573","-0.186862020356189","-0.624028555714805","-0.00373622369629422","0.0478189915438148","1.57481013450665","-0.0635229663980099","-1.70249833920554"
"06/02/09","0.00946004338475442","0.0345251022446365","-0.112028059686787","0.0352241867327342","0.0806941061389929","0.284405659253028","0.185008023334087","-0.356342021747757","-0.17530923682948","-0.59644897814953","-0.00491249469632137","0.0461553680075486","1.54927775135336","-0.0597472071010271","-1.5247084289506"
"13/02/09","0.0611178815790458","0.0314673862470502","-0.104920315110731","0.0323700833974878","0.0717640987257016","0.270718833660261","0.175291287483546","-0.342407783290071","-0.163757399420087","-0.568872904714521","-0.0060886827169958","0.0444920054898694","1.52376000083825","-0.0559720114241108","-0.354130201312266"
"20/02/09","0.117550696245753","0.0284100922004611","-0.097813872984247","0.0295161465011255","0.0628346495036996","0.257032726017984","0.16557503976084","-0.3284744459938","-0.152206267409364","-0.541299844236227","-0.00726480721656087","0.0428289090171196","1.49826119783236","-0.0521973514499988","0.212936187912219"
"27/02/09","0.174616379494495","0.0253532370680001","-0.0907086514597574","0.0266623133969395","0.0539055678064956","0.243347115846624","0.155859074262379","-0.31454175911561","-0.140655607452519","-0.513729365741413","-0.00844089269432561","0.0411661043008952","1.47278378835497","-0.0484231927451544","0.193545479532742"
"06/03/09","0.228523535460068","0.0222967838882317","-0.0836045369195867","0.0238085194959927","0.0449768748586077","0.229661838667085","0.146143281285655","-0.300609463366019","-0.129105179783763","-0.486160987821954","-0.00961696771603157","0.0395036088508913","1.44732826027147","-0.0446494941546603","0.0327589861636129"
"20/03/09","0.300507634463028","0.0177127638824143","-0.0729501763792047","0.0195278693927899","0.0315850955401525","0.209134427970906","0.131569906837292","-0.279711380441947","-0.111779452774224","-0.444810960038446","-0.0113811272166726","0.0370105191893925","1.40918682912867","-0.038989706569959","-0.103568696110177"
"27/03/09","0.343949050816539","0.0146572325885031","-0.065848242064828","0.0166741807079819","0.0226583155212113","0.195449891233355","0.121854549539033","-0.265779390279117","-0.100228499527747","-0.417245059312747","-0.0125573149181702","0.0353490023981999","1.38378715081749","-0.0352169690367068","-0.0184400766990178"
"10/04/09","0.42214078987941","0.00931117854256305","-0.0534213342064217","0.0116805602961865","0.00703847540582654","0.171502520855368","0.104852826032943","-0.241398353193748","-0.0800126261785261","-0.369003396941348","-0.0146158657218984","0.0324426831709067","1.3393907345545","-0.0286153984179102","0.0011664887793324"
"17/04/09","0.459394127800874","0.00702042768642089","-0.0480959749104499","0.0095406033335648","0.000344975407192036","0.161239359500348","0.097566279101536","-0.230949357667434","-0.0713478808978739","-0.348326904928766","-0.0154981929230466","0.031197685099799","1.3203839776669","-0.0257863746002157","-0.00316962572921897"
"24/04/09","0.507535109140156","0.00396643916906514","-0.0409957818733073","0.00668748435607042","-0.00857907382602252","0.147555043280711","0.0878507472524067","-0.217017449577423","-0.0597940543729017","-0.320756217760223","-0.0166746770789112","0.0295382195747424","1.29506012884849","-0.0220144888701873","0.00686453769490439"
"08/05/09","0.567170840791057","-0.00137714041661509","-0.0285708591629907","0.00169511738749901","-0.0241941916989282","0.123607282760041","0.0708481925594064","-0.192637068437527","-0.0395724269023862","-0.272500880508703","-0.0187334861005473","0.026635615885945","1.25079279552738","-0.0154139817219502","0.00991295394768189"
"15/05/09","0.578040568790973","-0.00366694815023706","-0.0232459855675229","-0.000444121005088414","-0.0308854755724602","0.113343811305249","0.0635611229018416","-0.182188609303074","-0.0309050470311197","-0.251817235655191","-0.0196158020662994","0.0253922000075504","1.23183962962131","-0.0125852819083348","0.00170877204042054"
"22/05/09","0.578359196485397","-0.00671982820345245","-0.0161461700978043","-0.00329604355124981","-0.0398063431436678","0.0996589142167363","0.0538446628686002","-0.168257694212255","-0.0193476406178078","-0.224236296066054","-0.0207922044161346","0.0237348182002352","1.20658534563072","-0.00881374264593772","-0.00713204530724823"
"04/10/09","-0.523733562175317","-0.0456722805421546","0.0743852516716689","-0.0396243456121572","-0.153550102394401","-0.0749041070041299","-0.0701384440743792","0.00926620812130644","0.12806593534018","0.127745331130448","-0.0357863670134518","0.00263616417880418","0.885916144349203","0.0392770089406209","0.0675598300325821"
"11/10/09","-0.597859196437081","-0.0487335709000804","0.0814863012727569","-0.0424718213958195","-0.162475849616778","-0.0886017033461735","-0.0798728708379811","0.0231774292379435","0.139629076576261","0.155378867913531","-0.0369616418857834","0.000982318043336519","0.860839569304608","0.0430498721748965","0.133138328580777"
"25/10/09","-0.686067744241845","-0.0540939201425255","0.0939136756802028","-0.0474546903141913","-0.178097851274651","-0.112573637875181","-0.0969109244555551","0.0475161966830946","0.159864216117569","0.203747564096266","-0.0390181675194953","-0.00191187368386004","0.816969654611866","0.0496530054478205","-0.106154671329032"
"01/11/09","-0.703790872355034","-0.0571586818128889","0.101015417220158","-0.0503020105011567","-0.187025782569469","-0.12627222689408","-0.106648118484361","0.0614205217848467","0.171426889723765","0.2313925873764","-0.0401932491419514","-0.00356564951774804","0.791907460178936","0.0534266107949262","-0.0864802985714872"
"08/11/09","-0.695523566640704","-0.0602245288793913","0.108117471797219","-0.0531493930750325","-0.195954572147611","-0.139971208211504","-0.116386269079121","0.0753221725789059","0.182989337417498","0.259041828112455","-0.0413683056735354","-0.00521943786724328","0.766848602687403","0.0572005189107161","0.215093712516078"
"22/11/09","-0.628614821581103","-0.0655921660178723","0.12054702240763","-0.0581326339424427","-0.211582266520219","-0.163946034179295","-0.133430798290545","0.0996441311211154","0.203223166373864","0.307438188579749","-0.0434246600448105","-0.00811370740186787","0.723000538305731","0.063805636524162","0.131985120530366"
"29/11/09","-0.566705308513601","-0.0686605570363707","0.127650440474706","-0.0609804486201679","-0.220513774745763","-0.177647192216589","-0.143172216799008","0.113539807041847","0.214785330214942","0.335099086269708","-0.0445997801057452","-0.0097677061503522","0.697945525286521","0.0675804634427822","0.812198879866742"
"13/12/09","-0.438508310968483","-0.0740317215173379","0.140083510308841","-0.0659647777017043","-0.236146615752259","-0.201627336654396","-0.160222848293755","0.137856049954791","0.235020311980148","0.383515915335774","-0.0466564699073129","-0.0126625765395567","0.654097211394014","0.0741873849660928","30.4546985930009"
"20/12/09","-0.364378605376762","-0.0771016398611625","0.147189474959358","-0.0688134601020387","-0.245081373590565","-0.215332593136471","-0.169968066083389","0.151752021393253","0.246584724018716","0.411188624981036","-0.0478319061947222","-0.014317079179994","0.629038019974197","0.0779634560678608","28.641314792108"
"27/12/09","-0.29469589592882","-0.080172054407523","0.154296507730451","-0.0716625797614302","-0.254017548677963","-0.229039931673492","-0.179714846071409","0.16564962867832","0.258150818742359","0.438865818712216","-0.0490075157414321","-0.0159718381228151","0.603975309440326","0.0817400996664672","-21.4889088310351"
"10/01/10","-0.187432012900615","0.0475251077682339","-0.142252308850598","0.0473570617040665","0.118657783801239","0.342589270550037","0.22631489201776","-0.415578726734922","-0.224418169265112","-0.713691294837875","8.75042366582487e-05","0.053227466170566","1.65784634566396","-0.0757983188407851","-3.51793728710653"
"17/01/10","-0.135591251051659","0.0444655395453143","-0.135138277668585","0.044501709247847","0.109723112536208","0.328896194385413","0.216593575544127","-0.401637658075814","-0.212860533957056","-0.686097696656423","-0.00108919779717147","0.0515630558510853","1.63229057387807","-0.0720205933972317","-0.604416418438782"
"24/01/10","-0.0788342648460372","0.0406417548735796","-0.126247839399294","0.0409330653384141","0.0985566894674353","0.311782563956865","0.204443899615497","-0.384214197160347","-0.198415996058269","-0.651612116260455","-0.00255984880363244","0.049482873262701","1.60035274746316","-0.0672993106815917","-3.40274589119201"
"10/03/10","0.253680088324975","0.0207686918677164","-0.0800528623414624","0.0223816275863091","0.0405127488246302","0.22281929587282","0.14128544499439","-0.293643402775683","-0.123329981892056","-0.472377387220726","-0.0102050104431483","0.0386724839283217","1.43460884208218","-0.0427628018010371","-0.064228047836855"
"24/03/10","0.322502535285164","0.0161849417084212","-0.0693991241971262","0.0181010132497595","0.0271215973671933","0.202292116737766","0.126712207225888","-0.272745388421607","-0.106004047909571","-0.431027983206338","-0.0119692101575954","0.0361796992418636","1.39648421612847","-0.0371032952311782","-0.0546971051190853"
"07/04/10","0.398625066891117","0.0108384776707028","-0.0569717098295787","0.0131072546418302","0.0115010361035626","0.178344597514492","0.10971047662872","-0.248364364923449","-0.0857888455215383","-0.382787131275433","-0.0140276778477535","0.0332728720711403","1.3520686047238","-0.030501480889982","0.00504642363233207"
"14/04/10","0.434388234079992","0.00854756919363334","-0.0516461894356695","0.0109672300715054","0.00480726405431653","0.168081474461939","0.102423987065932","-0.237915350695531","-0.0771244345714518","-0.362111361097992","-0.0149099693960217","0.0320276457847244","1.33305381568666","-0.0276723781048332","-0.000896302976435079"
"21/04/10","0.484136413669162","0.00549338550718209","-0.044545845181737","0.00811402102994765","-0.00411713742718937","0.154397215186867","0.0927085319529721","-0.223983387678188","-0.0655710907710253","-0.334541878481012","-0.0160864315148069","0.0303678763819886","1.30771943272039","-0.0239004139187996","-0.000870647844394016"
"28/04/10","0.518457187957025","0.00320300183001653","-0.039220769258282","0.0059742356561989","-0.010809970754858","0.144133949313654","0.0854218420481058","-0.213534495669152","-0.0569054421681004","-0.3138631356858","-0.0169687996094359","0.0291234482657506","1.28873242114842","-0.021071538430444","0.0110703358933121"
"05/05/10","0.554692701124507","0.000149487835180491","-0.0321208009808214","0.00312140567391344","-0.0197330221494424","0.130449533327151","0.0757061328658168","-0.199602812065672","-0.0453503563275892","-0.286289031358658","-0.0181452667357626","0.0274647434998335","1.26343433423514","-0.0172998084331804","0.0143981753861841"
"12/05/10","0.571822801390902","-0.00214042636747135","-0.0267958973212722","0.000982011137819665","-0.0264246819577481","0.120186140261134","0.0684191920821144","-0.189154226231932","-0.0366833649753016","-0.265606523590007","-0.0190275929816898","0.026221107331378","1.24447386554781","-0.0144710767645307","0.00721664341034308"
"19/05/10","0.580270158979782","-0.0051934115186492","-0.0196960810336522","-0.0018701403522909","-0.0353460239737234","0.106501410662694","0.0587029527097704","-0.17522309352336","-0.0251264709638063","-0.238027167172946","-0.0202040060519035","0.0245634380563441","1.21921015259771","-0.0106995048078361","-0.00300783609964001"
"26/05/10","0.57570826286646","-0.00748302321712534","-0.0143712069728684","-0.00400895161996597","-0.0420364252593062","0.0962376198979898","0.05141546519787","-0.164775043617329","-0.0164581322442488","-0.217340551386676","-0.0210863007370452","0.0233205598873097","1.20027466531727","-0.00787086627721315","-0.00945063935608446"
"02/06/10","0.552642436065968","-0.0105357553910146","-0.0072712749547166","-0.00686029680258992","-0.0509563210791772","0.0825520658613062","0.0416982576145364","-0.150844818500157","-0.00489949951835189","-0.189755443306632","-0.0222626622120761","0.0216638565118615","1.17504315848672","-0.00409938389569204","-0.0168301845380501"
"09/06/10","0.521242900520282","-0.0128253059379656","-0.00194623639678997","-0.00899851120158402","-0.057645894035079","0.0722874560817836","0.034409848625367","-0.140397605673589","0.00377007479152688","-0.169064305993673","-0.023144906445141","0.0204216606608406","1.15613096006982","-0.00127078635343955","-0.00718874153079265"
"16/06/10","0.460541526283044","-0.0158781395650473","0.00515395344912719","-0.011849084417728","-0.0665650717789163","0.0586005940871116","0.0246911777269441","-0.126468709384955","0.0153302350979468","-0.141472938028461","-0.0243211993872276","0.0187658162563058","1.1309292955285","0.00250067641369366","0.00236213131781542"
"23/06/10","0.423339258852597","-0.0174046298762769","0.00870411118389849","-0.0132742120956915","-0.0710246257567876","0.0517567964252139","0.0198314451591465","-0.119504609945809","0.021110597100674","-0.127675857715606","-0.0249093343764211","0.0179380600585914","1.11833449208618","0.00438641395709549","0.000259449623138148"
"30/06/10","0.339305620939426","-0.020457818538348","0.0158045385227118","-0.0161241610456202","-0.0799438096201252","0.038068323671313","0.0101110468305508","-0.105577196295714","0.0326718183939726","-0.100078848635725","-0.0260855846091668","0.0162828429110372","1.09315643005432","0.00815791585729286","-2.10771308823295e-05"
"07/07/10","0.293282376993031","-0.021984544969472","0.0193547970738686","-0.0175489931102233","-0.0844034950343044","0.0312236023290188","0.00525035439071663","-0.0986139179917568","0.0384526535048257","-0.0862789038863388","-0.0266736988758486","0.0154553693236667","1.08057296201496","0.010043686271085","-0.000987225820864469"
"14/07/10","0.194601866699192","-0.0250383325533954","0.0264553770989898","-0.0203983928587545","-0.0933231375951604","0.0175332150153109","-0.00447202317316945","-0.0846883089725645","0.0500147261308171","-0.0586761082414374","-0.0278498897882751","0.0138006647627509","1.05541661865821","0.0138152807815016","0.0022970477250239"
"25/07/10","0.0592984733209","-0.0288563526653981","0.0353311549104232","-0.0239596773302877","-0.104473368938094","0.00041864750541483","-0.0166269167399117","-0.0672832615557447","0.0644679684002825","-0.0241671578621721","-0.0293200196444467","0.0117326780638884","1.02398992084959","0.0185299035659069","0.017190392437114"
"08/08/10","-0.0282682996297087","-0.0311476846687761","0.0406566182945937","-0.0260962188643776","-0.111164024404541","-0.0098509137311826","-0.0239209956489951","-0.0568413880588183","0.0731401832617558","-0.00345888055426988","-0.0302020321814558","0.0104920556099847","1.00514322395586","0.0213587630723753","0.00554022481997968"
"22/08/10","-0.14825827100556","-0.0342035146514513","0.0477572582817423","-0.0289446865175329","-0.120085638168147","-0.0235445603258749","-0.033647835476282","-0.0429203606397268","0.0847033733371358","0.0241555796663128","-0.0313779577915605","0.008838049450823","0.980024380794113","0.0251306956329575","-0.0221257216929118"
"05/09/10","-0.263014397468481","-0.0372602852320284","0.0548579633834497","-0.0317928860275733","-0.129008229645135","-0.0372392282865434","-0.0433763624219178","-0.02900114516828","0.0962667346907581","0.0517740106378813","-0.0325537387347837","0.00718416812599927","0.954916220286704","0.0289027849184974","-0.00448163525166895"
"21/09/10","-0.391209830105914","-0.0410827693961296","0.0637339356550236","-0.0353528304863609","-0.140162904340849","-0.0543589661478088","-0.055539529563123","-0.0116048930938406","0.110720987190979","0.0863026660773283","-0.0340232459376969","0.00511689194561916","0.92354460862603","0.0336181486990348","-0.00187653116063607"
"28/09/10","-0.46035401755598","-0.043377164551704","0.0690595650532725","-0.037488640746449","-0.146856300785921","-0.064631353006514","-0.0628385808733205","-0.00116872032755078","0.119393492651766","0.107022862745092","-0.0349048413881556","0.00387653309574673","0.904728175763081","0.0364475170212906","-0.00687456491304164"
"05/10/10","-0.543468295728252","-0.0464374823126365","0.0761604978933049","-0.0403362269679619","-0.155781464253853","-0.0783284435161083","-0.0725719147931274","0.0127442330406791","0.130956733261459","0.134653329538104","-0.0360801951248356","0.00222270440933947","0.879646374101372","0.0402202019262616","0.109231716253288"
"12/10/10","-0.614166715329462","-0.0494990938114585","0.0832615937496112","-0.0431836723825488","-0.164707413622145","-0.092026199746527","-0.082306694359612","0.0266548624498598","0.142519840383453","0.162287898521294","-0.0372554458123054","0.000568855233154302","0.854571418315888","0.043993127001452","0.0903880535370967"
"19/10/10","-0.656246037387369","-0.0517961455968396","0.0885875594221852","-0.0453191953986326","-0.171402409344485","-0.10229984675272","-0.0896085718744436","0.0370862398796895","0.151192075403903","0.183016553433209","-0.0381368264877303","-0.000671523098088372","0.835769099701716","0.0468229896629215","-0.0649216752249637"
"26/10/10","-0.692948694923097","-0.0548600004937389","0.0956890833022306","-0.0481665191546691","-0.180329761216838","-0.115998261196323","-0.0993451424445725","0.0509925257081113","0.162754905188755","0.210658425660959","-0.0393119412854107","-0.00232531900667072","0.810703737775307","0.0505963793493246","-0.108019550989364"
"02/11/10","-0.704113265606014","-0.0579250468119697","0.102790900144293","-0.051013847198592","-0.189257894458384","-0.12969692618324","-0.109082559801068","0.0648961853297287","0.174317522892082","0.238304501427049","-0.0404870149053418","-0.00397909369818528","0.785642472668987","0.0543700587706792","-0.0323644540567249"
"09/11/10","-0.689727839958382","-0.0609911509388933","0.109893039778321","-0.0538612563119897","-0.198186915648396","-0.143396041846786","-0.118820976196184","0.0787971780237557","0.18587991528317","0.265954799109288","-0.041662068145029","-0.00563289162353066","0.760584289823516","0.0581440452002461","0.206447268516256"
"16/11/10","-0.664590439808111","-0.0632913956806512","0.115219892397129","-0.0559969000681245","-0.204884312064604","-0.153670808850337","-0.12612554386126","0.0892212770175164","0.194551576381525","0.286695300737745","-0.0425433570878028","-0.00687327723025885","0.741792056444785","0.0609747463355817","-0.39419628953033"
"23/11/10","-0.614422978611947","-0.0663591943190663","0.122322808510075","-0.0588445675335767","-0.213815044408702","-0.167371224569473","-0.135866036946365","0.103118179563438","0.206113693487548","0.314353015240149","-0.0437184336523259","-0.00852719596321633","0.716736781270097","0.0647493098682411","0.762085512316648"
"30/11/10","-0.549456602765227","-0.0694277618578964","0.129426419641576","-0.0616924391901853","-0.222746821524167","-0.181072659626729","-0.145607765706259","0.117013559044626","0.217675910991675","0.342014973474732","-0.044893572607624","-0.0101812266286238","0.691681723020612","0.0685242269510242","-0.409580679041152"
"07/12/10","-0.495027881341657","-0.0717295960046549","0.134754695007289","-0.0638285169928941","-0.229446387151957","-0.191349565391322","-0.152914908405584","0.12743470138383","0.226347863459547","0.362764234888526","-0.045774987955267","-0.0114218487349018","0.672889931729214","0.0713556728776025","3.67199776190876"
"14/12/10","-0.419679567545352","-0.0747991568346462","0.141859905917622","-0.0666769103954731","-0.23838018094416","-0.205053474150849","-0.162659011569577","0.141329932422004","0.237911277264007","0.390433682797365","-0.0469503143728617","-0.0130761795653378","0.647832686102679","0.0751313524598008","36.8634256247098"
"21/12/10","-0.346461933368851","-0.0778691952568193","0.148966129353075","-0.0695256967938511","-0.247315278253802","-0.218759219269277","-0.172404610558384","0.155226239245357","0.249476075838979","0.418107494540643","-0.0481257911601001","-0.0147307438747857","0.622772712870202","0.0789075607565028","18.5698762373515"
"28/12/10","-0.278163798750327","-0.0809397412762579","0.156073449648024","-0.0723749353465924","-0.256251833829252","-0.23246713128929","-0.182151801648435","0.169124373083143","0.26104264703686","0.445785858405995","-0.0493014489431507","-0.016385571665963","0.597708965610901","0.0826843593489691","-31.8210803268713"
"04/01/11","-0.230873602168813","0.0498201368028123","-0.147588782177112","0.0494988817859671","0.125359782980125","0.352860559170693","0.233606951747172","-0.426036043652668","-0.233087715578828","-0.734389646308646","0.000970159544266512","0.0544759519595662","1.67701607662518","-0.0786320407947189","-21.1484091475606"
"11/01/11","-0.173827258673348","0.0467601675022424","-0.140473663087513","0.0466431824856899","0.116423979785025","0.339165802118514","0.2238844178974","-0.412093251333115","-0.221528576956239","-0.706792456661468","-0.000206688683707622","0.0528113398043629","1.65145699206925","-0.0748538280913689","-0.0580682927136932"
"18/01/11","-0.123635813103555","0.0437007249553317","-0.133360001883934","0.0437879356799983","0.107489664266339","0.325473241526657","0.214163476230373","-0.398152724180904","-0.209971418289212","-0.679200017482649","-0.00138334621849241","0.0511469910584774","1.62590234249901","-0.0710762597485571","-2.75251800021696"
"21/01/11","-0.11202581202584","0.0429359398200168","-0.131581819707703","0.043074185637433","0.105256300012468","0.322050406552938","0.21173346217639","-0.39466791530902","-0.207082411227131","-0.672302622330436","-0.00167748503858382","0.0507309404943634","1.61951442064013","-0.0701319648379313","-4.39494733347306"
"04/02/11","-0.013978901888229","0.0360541112918312","-0.115582448195968","0.036651315308286","0.0851593916384372","0.291249423427532","0.189866648458595","-0.363309552267359","-0.181085494358202","-0.610238296257269","-0.00432437066951724","0.0469871463057793","1.562042423939","-0.0616350149428499","-1.85193542535439"
"18/02/11","0.103211682463926","0.0291743740965915","-0.0995903646297882","0.0302296182338272","0.06506697256977","0.260454198760842","0.168004068578282","-0.331957708598884","-0.155093996544887","-0.548192851377393","-0.00697078082742564","0.0432446566909826","1.50463393421191","-0.0531409680939918","0.145071099670079"
"04/03/11","0.215481519284017","0.0230608626743706","-0.0853804666259008","0.0245219668049689","0.0472089991870474","0.233083133811171","0.148572214794556","-0.304092512098264","-0.13199277690978","-0.493052919915902","-0.00932294839892275","0.0399192030993388","1.45369006353356","-0.0455928785336448","0.0822503632729258"
"11/03/11","0.265808075574268","0.0200046779662516","-0.0782771119950969","0.0216681840200205","0.0382807552858513","0.219398050227791","0.13885654309178","-0.290160387475209","-0.120442372718263","-0.465485698559394","-0.0104990349162043","0.0382569554250499","1.428251232928","-0.0418194926634251","-0.100030572782406"
"18/03/11","0.289201604421482","0.0184767131116759","-0.0747257715638397","0.0202413042894606","0.0338169268262662","0.212555615409678","0.133998773872329","-0.28319437820065","-0.114667112761755","-0.451702494358945","-0.0110870927470592","0.0374259718137834","1.41554022759099","-0.039932945576719","-0.119152472248063"
"25/03/11","0.333265108138542","0.0154210725816531","-0.0676236626684969","0.0173875935539609","0.0248899295978738","0.198870993905782","0.12428337396256","-0.269262390404527","-0.103116293406842","-0.424136521855479","-0.0122632596997507","0.0357643347210419","1.39013499170399","-0.0361601218741972","-0.0340374349070885"
"01/04/11","0.365364316203428","0.0131296411088659","-0.0622975188323945","0.0152473797617373","0.0181952470087064","0.188607737267947","0.116996917679509","-0.258813384363407","-0.0944527826595486","-0.403462061501365","-0.0131454425513281","0.034518440082179","1.37109560968442","-0.0333307212730356","2.50616794379405e-06"
"08/04/11","0.410222601551675","0.010074814408407","-0.0551965069834513","0.0123939018357534","0.00926973224613553","0.174923560590312","0.107281655235362","-0.244881358274665","-0.0829007627640681","-0.375895316638838","-0.0143217685439822","0.0328577586071704","1.34572899498807","-0.0295584324042995","0.0033610587755999"
"15/04/11","0.446853260801091","0.00778398575456374","-0.0498710704316059","0.0102539111096768","0.00257609753452758","0.164660420666211","0.0999951380459794","-0.234432351832706","-0.0742361866032693","-0.355219199975557","-0.0152040787884195","0.031612646435162","1.32671823205153","-0.0267293704992108","-0.00244680546058257"
"22/04/11","0.496061092477747","0.00472990042129631","-0.0427708063933713","0.00740074657473377","-0.00634812849565222","0.150976132291314","0.0902796440813218","-0.220500414022577","-0.0626826037462169","-0.32764913043546","-0.0163805539843459","0.0299530289700517","1.30138912967648","-0.0229574472367517","0.00257453163006651"
"29/04/11","0.528726053228993","0.00243958848367836","-0.0374457661850322","0.00526100175736041","-0.0130408166187167","0.14071285154874","0.0829929290502981","-0.210051553624187","-0.0540167666488334","-0.306969879442692","-0.0172629203868533","0.0287087151127664","1.28240599748827","-0.020128595528859","0.0142628917684826"
"06/05/11","0.561462153100202","-0.000613836091626835","-0.0303458266904917","0.00240824926180245","-0.0219636384392311","0.127028413147528","0.0732771722458883","-0.196119930919466","-0.0424614240268279","-0.27939504904355","-0.0184393774160409","0.0270501612190295","1.25711294813651","-0.0163568921631521","0.0123701706036063"
"13/05/11","0.57543904176809","-0.00290369519505791","-0.0250209398834212","0.000268931383408996","-0.0286551097406167","0.116764983744855","0.0659901693506976","-0.185671405966006","-0.0337942383250531","-0.258711976050993","-0.0193216982425724","0.025806635417767","1.23815614723379","-0.0135281769427176","0.00443174682883944"
"20/05/11","0.579860128277726","-0.00595662486456836","-0.0179211274102159","-0.00258310647286148","-0.0375762105386756","0.103080176430561","0.0562738243072302","-0.171740378236445","-0.0222370871515379","-0.231131833567199","-0.0204981060831887","0.0241491106959735","1.21289717097502","-0.00975662203744596","-0.00505118552563407"
"27/05/11","0.571851663257518","-0.00824621161451767","-0.0125962362412","-0.00472183074830567","-0.0442664604005525","0.0928162897690945","0.0489862282449789","-0.16129242861257","-0.0135685629364618","-0.210444596372427","-0.0213803947726253","0.0229063351016981","1.19396511861624","-0.00692799257497877","-0.0120778688975316"
"03/06/11","0.543564613218192","-0.0112989356595016","-0.00549627100371672","-0.00757306255451893","-0.0531862055128041","0.0791305746676086","0.0392688397460979","-0.147362367205653","-0.0020096966322086","-0.182858621191468","-0.0225567462318296","0.0212497604912614","1.16873802419271","-0.00315651728750318","-0.015452124738026"
"10/06/11","0.50802784258816","-0.0135884998571764","-0.000171204707967153","-0.00971119463494816","-0.0598757068669738","0.0688658231623382","0.03198027076744","-0.136915299902568","0.0066600401561594","-0.162166808995971","-0.0234389828971241","0.0200076559271679","1.14982900497671","-0.000327921311061577","-0.00243859728958924"
"24/06/11","0.403440886235143","-0.0181678984830164","0.0104792049699476","-0.0139867367427583","-0.0732544069475891","0.048334792577506","0.0174014653601279","-0.116022655030179","0.0240008425869217","-0.120776963131371","-0.0252033994410829","0.0175242200998906","1.11203855301622","0.00532928551756184","-0.000247830124569562"
"08/07/11","0.269403239150902","-0.0227479474115004","0.021129935136717","-0.0182613756373138","-0.0866333704365701","0.0278011176949536","0.00281988250501603","-0.0951323938742867","0.0413431226371488","-0.0793785687582952","-0.0269677523610638","0.0150416637593561","1.07428257238333","0.0109865776521932","-0.00169264215112557"
"22/07/11","0.1151204907888","-0.0273290251023662","0.0317808435943375","-0.0225352224422972","-0.100013162056612","0.00726468328729155","-0.0117646837945309","-0.0742450028655645","0.0586865965378852","-0.03797146408913","-0.0287319834999921","0.0125598264532423","1.0365581995874","0.0166440347501283","0.0142528824570189"
"14/08/11","-0.0582125156043948","-0.0319115609657965","0.0424317742787757","-0.026808362567587","-0.113394343768215","-0.0132742301881452","-0.0263525532807108","-0.0533609692022215","0.0760309584498405","0.00344436559346433","-0.0304960247063206","0.0100785389104125","0.998862461034815","0.0223017326819531","-0.00256681847178997"
"28/08/11","-0.177741785317596","-0.0349676140756258","0.0495324278091171","-0.0296567597718847","-0.122316189928365","-0.0269681306557328","-0.0360798036630542","-0.0394403812626511","0.0875942024247063","0.0310598136086629","-0.0316719176210946","0.00842457002760067","0.973746375650133","0.026073702439257","-0.0214332188057558"
"11/09/11","-0.290117988821355","-0.0380246400544081","0.0566331503201999","-0.032504900279965","-0.131239041984096","-0.04066305844604","-0.0458087759695266","-0.0255216413667305","0.0991575868195546","0.0586792419951292","-0.0328476594806316","0.0067707092251912","0.948640739342914","0.0298458341806667","0.000817219271000342"
"25/09/11","-0.414870314042194","-0.0418474893101048","0.0655091407998662","-0.0360647800115297","-0.142393993035807","-0.0577830561770247","-0.0579724578137411","-0.00812603342776377","0.113611828260308","0.093209147201545","-0.0343171195320318","0.00470343940904346","0.917271949897433","0.0345612583072084","-0.0067252338431906"
"09/10/11","-0.562434287658256","-0.0472027649999683","0.0779357543031932","-0.0410480995075612","-0.15801287533975","-0.0817528221973385","-0.0750054766381346","0.0162221127234121","0.133847522815488","0.1415615843452","-0.0363740168067683","0.00180924324593626","0.873377031747527","0.0411634099275752","0.141832302801"
"23/10/11","-0.667653087811389","-0.0525619912206687","0.0903629140254534","-0.0460310291513862","-0.173634174565016","-0.105724430613923","-0.0920426400824836","0.040563052211297","0.154082800354537","0.189926628130574","-0.0384306106529842","-0.0010849763355428","0.829502319716834","0.047766310877022","-0.0913367241076688"
"30/10/11","-0.698204096567693","-0.0556261559326457","0.0974645091843897","-0.0488783479068961","-0.182561718388146","-0.119422898238002","-0.10177941247786","0.0544686905356188","0.165645580670396","0.217569549845045","-0.0396057126065829","-0.00273876292826466","0.80443807695129","0.0515397713583927","-0.111987859136969"
"06/11/11","-0.702796452397103","-0.0586914766476631","0.104566402950439","-0.0517256892905911","-0.19149006256007","-0.133121653832163","-0.111517063556229","0.0683716797255819","0.177208141659005","0.245216679439313","-0.0407807793727408","-0.00439253944077278","0.779377677976672","0.0553135259463225","0.0573017327505105"
"13/11/11","-0.682599487983424","-0.0617578367364653","0.111668631424874","-0.0545731281417811","-0.200419319630479","-0.146820917715719","-0.121255756449881","0.0822720274723163","0.188770480389194","0.272868034770266","-0.0419558305893189","-0.00604634912345569","0.754320105302172","0.0590875916951845","0.0882577106226039"
"20/11/11","-0.653766744365925","-0.0640582641015913","0.11699556751585","-0.0567088008831296","-0.207116901151361","-0.157095829489233","-0.128560551961978","0.0926956905120422","0.197442111319583","0.29360933135432","-0.0428371223511582","-0.00728674853998432","0.73552815941768","0.0619183550268317","-0.510596938303476"
"27/11/11","-0.599299057778139","-0.0671262706770832","0.124098638050229","-0.0595565138268105","-0.216047887507946","-0.17079647855773","-0.138301352811889","0.10659213213937","0.209004226614191","0.321268107143485","-0.0440122111671999","-0.00894069149203671","0.710473037812338","0.0656930052939993","1.26386819997865"
"04/12/11","-0.531701903252259","-0.0701950047122048","0.131202453879352","-0.0624044466804853","-0.224979938538245","-0.184498207295951","-0.148043395283236","0.12048727853887","0.220566520979936","0.348931126634024","-0.0451873711126633","-0.0105947567705081","0.68541786783331","0.0694680151477918","-1.2290800827503"
"11/12/11","-0.476288124284515","-0.072496940427904","0.136530905398021","-0.0645405820919489","-0.231679720863869","-0.194775386614863","-0.155350797576363","0.130908443554457","0.229238613303171","0.36968119194442","-0.0460688072143685","-0.0118354119234081","0.666625817302528","0.0722995458566604","11.4325729825774"
"18/12/11","-0.401020354026604","-0.0755666213261899","0.143636364468142","-0.0673890677657808","-0.240613827385086","-0.208479725918986","-0.16509526804083","0.144803880450638","0.240802330382843","0.397351721889894","-0.0472441682633274","-0.0134897973971512","0.64156799011921","0.0760753528658358","38.4901203211107"
"25/12/11","-0.328858638321067","-0.0786367823060752","0.150742851480879","-0.0702379616520273","-0.249549273889826","-0.222185980873764","-0.174841253938316","0.158700571976741","0.25236753852961","0.425026646483603","-0.0484196874082311","-0.0151444249343324","0.616507169116912","0.0798517020986658","6.00312160285515"
"01/01/12","-0.262002062778548","0.0513503406390916","-0.151146870625687","0.0509269268260941","0.129828303873332","0.359708883140206","0.238468897339383","-0.433008377340607","-0.238868082185221","-0.748190151023641","0.00155866502233786","0.0553083730888847","1.68979733685179","-0.0805214076243802","-32.760917625236"
"08/01/12","-0.215954489420988","0.0490550912808968","-0.14580986960916","0.0487849100519279","0.123125682247652","0.349436642741892","0.231176154758405","-0.422550118770553","-0.230197736247678","-0.727489883340029","0.000675927871963351","0.0540597713801749","1.67062588433334","-0.0776874242455643","-14.449550401597"
"15/01/12","-0.160659233498213","0.0459952600463147","-0.138695108686908","0.0459293315013132","0.114190268371954","0.335742470350946","0.22145404303136","-0.408607917509786","-0.218639108997335","-0.699893914106262","-0.000500869644124991","0.0523952297732371","1.64506791082309","-0.0739093773814072","1.54925207702154"
"22/01/12","-0.100726153451458","0.0421711834417442","-0.129803731525772","0.042360457985848","0.103023017823356","0.318627685186292","0.209303530139612","-0.391183227307746","-0.204193508265693","-0.665405509175616","-0.00197161483395291","0.050314903865078","1.61312682557425","-0.0691877085223304","-4.84879517898554"
"29/01/12","-0.0468362345403","0.0383478153971974","-0.120914718707882","0.038792116586719","0.0918577466171671","0.301515612346943","0.197154990846177","-0.373761452413196","-0.189750393341324","-0.630924055843015","-0.00344214068486172","0.0482349386518308","1.58119497396786","-0.0644669968043547","-1.68963251458505"
"05/02/12","-0.00244617758602867","0.0352895941763556","-0.113805209171476","0.035937744191834","0.082926722603543","0.287827508252799","0.187437311304795","-0.359825749623269","-0.178197333998741","-0.603343523452168","-0.00461843540067265","0.0465712488356091","1.55565967113484","-0.0606910932350784","-1.75215707594839"
"03/04/12","0.37623727419084","0.0123658901752831","-0.0605222138036414","0.0145339937595993","0.0159637918542888","0.185186681425352","0.114568105477578","-0.255330378903158","-0.0915648541799889","-0.396570491657566","-0.0134395150498296","0.034103212956862","1.36475190445086","-0.0323876245232735","0.00406513205813366"
"10/04/12","0.42214078987941","0.00931117854256305","-0.0534213342064217","0.0116805602961865","0.00703847540582654","0.171502520855368","0.104852826032943","-0.241398353193748","-0.0800126261785261","-0.369003396941348","-0.0146158657218984","0.0324426831709067","1.3393907345545","-0.0286153984179102","0.0011664887793324"
"17/04/12","0.459394127800874","0.00702042768642089","-0.0480959749104499","0.0095406033335648","0.000344975407192036","0.161239359500348","0.097566279101536","-0.230949357667434","-0.0713478808978739","-0.348326904928766","-0.0154981929230466","0.031197685099799","1.3203839776669","-0.0257863746002157","-0.00316962572921897"
"24/04/12","0.507535109140156","0.00396643916906514","-0.0409957818733073","0.00668748435607042","-0.00857907382602252","0.147555043280711","0.0878507472524067","-0.217017449577423","-0.0597940543729017","-0.320756217760223","-0.0166746770789112","0.0295382195747424","1.29506012884849","-0.0220144888701873","0.00686453769490439"
"01/05/12","0.538243840010128","0.00167619901102207","-0.0356707706753879","0.00454778408936873","-0.0152716087898391","0.137291750636206","0.0805640082390548","-0.206568624773855","-0.0511280273674228","-0.300076444755931","-0.0175570384600953","0.0282940201192973","1.27608084857143","-0.0191856597866495","0.0157327047339674"
"08/05/12","0.567170840791057","-0.00137714041661509","-0.0285708591629907","0.00169511738749901","-0.0241941916989282","0.123607282760041","0.0708481925594064","-0.192637068437527","-0.0395724269023862","-0.272500880508703","-0.0187334861005473","0.026635615885945","1.25079279552738","-0.0154139817219502","0.00991295394768189"
"15/05/12","0.578040568790973","-0.00366694815023706","-0.0232459855675229","-0.000444121005088414","-0.0308854755724602","0.113343811305249","0.0635611229018416","-0.182188609303074","-0.0309050470311197","-0.251817235655191","-0.0196158020662994","0.0253922000075504","1.23183962962131","-0.0125852819083348","0.00170877204042054"
"22/05/12","0.578359196485397","-0.00671982820345245","-0.0161461700978043","-0.00329604355124981","-0.0398063431436678","0.0996589142167363","0.0538446628686002","-0.168257694212255","-0.0193476406178078","-0.224236296066054","-0.0207922044161346","0.0237348182002352","1.20658534563072","-0.00881374264593772","-0.00713204530724823"
"29/05/12","0.566747479786925","-0.00900939521298707","-0.0108212574259544","-0.00543468115270705","-0.0464964522597884","0.089394921796829","0.0465569495436665","-0.157809851336319","-0.0106789336959214","-0.203548428371447","-0.0216744864111839","0.0224921432931837","1.18765669342588","-0.00598512118216021","-0.0145673444121261"
"05/06/12","0.533094898997165","-0.0120621185269509","-0.00372125831204371","-0.00828580059829381","-0.0554160617268025","0.0757090389608529","0.0368393708511773","-0.143879962188754","0.00088016198290982","-0.17596157609021","-0.0228508276058562","0.020835695363441","1.16243396225355","-0.00221365155947313","-0.0119322442318386"
"12/06/12","0.493468950001419","-0.0143517022492143","0.0016038373044131","-0.0104238511689448","-0.0621055046518275","0.0654441373344542","0.0295506349761695","-0.133433047118102","0.00955005643932419","-0.155269083191217","-0.0237330571092457","0.0195936807061307","1.14352808430941","0.000614943926001637","0.00110120783707049"
"19/06/12","0.442410773300332","-0.0166413773933897","0.00692902723676361","-0.0125616613940362","-0.0687948485789051","0.0551787290147664","0.022261348006635","-0.122986628792498","0.0182203940425531","-0.134574515534442","-0.0246152677253668","0.0183519251242637","1.12463140199661","0.00344354437570554","0.00133463649855721"
"26/06/12","0.382773374072541","-0.0189311849373635","0.0122543079440514","-0.0146992359633508","-0.0754841956656405","0.0449127144211809","0.014971406677971","-0.112540766283005","0.0268911289644014","-0.113877830727998","-0.0254974628823654","0.0171104044377995","1.10574357173437","0.00627215943379286","-0.000282043775982747"
"03/07/12","0.316592724882681","-0.0212211692597196","0.0175796646604124","-0.0168365883675505","-0.0821736418248743","0.034646005322088","0.00768074274844197","-0.102095519556442","0.0355622184465219","-0.0931789970327683","-0.0263796427518727","0.0158690955001613","1.08686424341577","0.00910079912643369","-0.000270799004847106"
"10/07/12","0.24498097112143","-0.0235113783210049","0.0229050782440065","-0.0189737362392068","-0.088863268760625","0.0243785555988794","0.00038932828019481","-0.0916509494811018","0.0442336250253624","-0.0724779913142755","-0.0272618024777625","0.0146279782152129","1.06799306098261","0.0119294736267065","-0.00175929926521179"
"17/07/12","0.168649448665936","-0.0258018597675898","0.0282305311980825","-0.0211106896360647","-0.0955531125950004","0.0141104405577648","-0.00690282247466386","-0.0812071173915395","0.0529053222150123","-0.051774802547391","-0.0281439261326958","0.013387035330725","1.04912966028144","0.0147581926622347","0.00624988117943796"
"24/07/12","0.0875014681336633","-0.0280926675351643","0.0335559998041999","-0.0232474594097608","-0.102243244039196","0.00384170017628675","-0.0141957523365155","-0.070764084435129","0.0615772711467288","-0.0310694318631836","-0.0290260042835927","0.0121462451444042","1.03027366944047","0.0175869656442949","0.0167072115195335"
"31/07/12","0.0305604925828172","-0.0296200825442666","0.0371063092697126","-0.024671876428836","-0.106703539186658","-0.0030044734275476","-0.0190581782213744","-0.0638025364163673","0.067358686981937","-0.0172646416750608","-0.0296140294802595","0.0113191245332095","1.01770693977872","0.0194728488716091","0.0155254662278593"
"07/08/12","0.0013505576793161","-0.0303838592019868","0.038881463518844","-0.0253840568815007","-0.108933756952827","-0.00642766103546","-0.0214895375885273","-0.0603219111922933","0.070249425674744","-0.0103618827547829","-0.0299080336922046","0.010905583924523","1.01142471216757","0.0204158019206742","0.0116596659895534"
"15/08/12","-0.0883163985850426","-0.0326754900779907","0.0442069323333576","-0.0275204882373512","-0.115624717504173","-0.0166976101220601","-0.0287842116428446","-0.0498806568527123","0.0789217496411321","0.0103478568350844","-0.0307900104536419","0.00966503294127447","0.992582409101672","0.0232447110885216","-0.0111202022315348"
"29/08/12","-0.206747904985898","-0.035731774285323","0.0513076019522793","-0.0303688167744185","-0.124546804903669","-0.0303917650120341","-0.0385118790372233","-0.0359605173815269","0.0904850404050337","0.0379642966286839","-0.031965867754892","0.00801109741031515","0.967469023686668","0.0270167193724851","-0.0171997637779168"
"12/09/12","-0.316452043839645","-0.0387890638340332","0.0584083411735248","-0.0332169020601854","-0.133469921379525","-0.0440869537984189","-0.0482413060459192","-0.0220422621021143","0.102048439602652","0.0655847231454842","-0.0331415703761436","0.00635725275821354","0.942365852548422","0.0307888948680003","0.00360330649012931"
"26/09/12","-0.437923879158212","-0.0426122873651212","0.0672843502581465","-0.0367767165532922","-0.144625124872079","-0.061207184750073","-0.0604054746412004","-0.00464730860324536","0.116502663627895","0.100115879162783","-0.0346109845444122","0.00428998660283179","0.910999810687578","0.0355043809677244","-0.00957998784896716"
"10/10/12","-0.580583642359968","-0.0479681280110043","0.0797110217919247","-0.0417599640449544","-0.160244336822144","-0.0851772425814097","-0.0774391292284706","0.0196998453864956","0.136738303953464","0.148470096764844","-0.0366678323088671","0.00139578098891815","0.867108101942055","0.0421066332448119","0.152696508970979"
"24/10/12","-0.677614765983745","-0.0533279165603664","0.0921382860163682","-0.0467428605515014","-0.175865988799558","-0.109149027667896","-0.0944767573055232","0.0440397049982944","0.156973514215961","0.196836964968865","-0.0387243908194629","-0.00149842632880872","0.823235843306296","0.0487096493811873","-0.102837392588746"
"07/11/12","-0.699906495097805","-0.0594579707262258","0.106341926511337","-0.0524375376586522","-0.193722288120657","-0.136546413357441","-0.113951632424025","0.0718470076440779","0.180098746355127","0.25212912161179","-0.041074542855789","-0.0048059873183914","0.773113060027299","0.0562570125762049","0.152583161101139"
"14/11/12","-0.674209288638684","-0.0625245857048281","0.113444248057346","-0.0552850092615678","-0.20265178497585","-0.150245839131494","-0.123690612114305","0.085746725001051","0.1916610334615","0.279781535261014","-0.0422495933773691","-0.00645981086962451","0.748056032951346","0.0600311586500132","-0.148348713239944"
"21/11/12","-0.641762005186347","-0.064825188405305","0.118771276485135","-0.0574207120282613","-0.20934955249074","-0.160520903665166","-0.13099563668769","0.096169972474959","0.200332640445989","0.3005236272646","-0.0431308897979735","-0.00770022513342662","0.729264325505219","0.0628619849987049","-0.358862579614323"
"28/11/12","-0.583355640578936","-0.0678933924601192","0.125874514285853","-0.0602684738472917","-0.218280797169714","-0.174221799866092","-0.140736746043858","0.110066003186359","0.21189477058094","0.328183464187443","-0.0443059931361129","-0.00935419466289376","0.704209291346472","0.066636723064494","1.36976278775062"
"05/12/12","-0.513529549576975","-0.0709622834706673","0.132978545047951","-0.0631164722338082","-0.227213126757631","-0.187923840719176","-0.150479108519743","0.123960985870098","0.223457168896852","0.355847546765864","-0.045481176076624","-0.0110082972484519","0.679153942983286","0.0704118298507596","-0.312990284640387"
"12/12/12","-0.457413048687497","-0.073264315823611","0.138307176983756","-0.0652526686310409","-0.233913129728066","-0.198201308922477","-0.157786777250885","0.134382223371859","0.232129426734954","0.37659841857248","-0.0463626343597661","-0.0122489875919366","0.660361582825712","0.0732434496589349","21.1689438192821"
"19/12/12","-0.38257572278321","-0.0763341154429906","0.145412887073217","-0.0681012507136589","-0.242847557450774","-0.211906097133617","-0.167531619061485","0.148277905951367","0.243693477417208","0.404270035024285","-0.0475380320498728","-0.0139034304780763","0.635303106900124","0.0770193870864137","35.5154064318025"
"26/12/12","-0.311598150617074","-0.0794044017272543","0.152519643054988","-0.0709502555947776","-0.251783363048025","-0.225612883267759","-0.17727799803141","0.162175031647055","0.255259117693963","0.431946084849245","-0.0487135954188125","-0.0155581227914652","0.61024137270095","0.0807958811828769","-8.06700530942812"
"02/01/13","-0.246228601128462","0.0505852196319262","-0.149367781878012","0.0502128869556707","0.127593989002048","0.356284637447263","0.236037864659297","-0.429522127306641","-0.235977829152449","-0.741289731401142","0.00126440509509028","0.0548921523061806","1.68340655716061","-0.0795767013338292","-27.8641582753696"
"09/01/13","-0.201474191407375","0.0482900819819114","-0.144031044762401","0.0480709704587201","0.120891683571736","0.346012881979752","0.228745469576682","-0.419064347839353","-0.227307888252683","-0.720590434956917","0.000381709595654585","0.0536436097398391","1.6642359752158","-0.0767428505765516","-8.44391221908997"
"16/01/13","-0.147922324854947","0.0452303843292226","-0.136916646717596","0.0452155074764587","0.111956646634079","0.332319269277433","0.219023763387755","-0.405122721137518","-0.215749762702488","-0.69299566161116","-0.000795039147941997","0.0519791352850507","1.63867910118389","-0.0729649659021251","1.1344695584459"
"23/01/13","-0.08968216148431","0.0414064552894192","-0.128025737891306","0.0416467515956479","0.100789815190819","0.315205072629814","0.206873676987611","-0.387698655990073","-0.201304704766601","-0.658508674934956","-0.00226573598041971","0.0498988813537486","1.60673958929194","-0.0682434905593149","-4.35906675430897"
"07/02/13","0.0217603556459252","0.0337606354445048","-0.110250997549239","0.0345106424553206","0.078461538916001","0.280983871803071","0.18257878074662","-0.352858364900203","-0.172421198778269","-0.589554651887454","-0.00520654880979891","0.0457395034871762","1.54289674633659","-0.0588033562110043","-1.22375408084372"
"14/02/13","0.0749299812942441","0.0307030216724512","-0.103143584752678","0.0316565857624196","0.0695316935593971","0.267297248912274","0.17286218890174","-0.338924373554234","-0.160869559040131","-0.561979374719395","-0.00638271893543","0.0440762053780472","1.51738338571588","-0.0550282975385967","-0.140789104310865"
"21/02/13","0.131930468443258","0.02764583806741","-0.0960374579916321","0.0288026813334225","0.0606023486105168","0.253611284070576","0.163146028178465","-0.32499122429631","-0.149318567920125","-0.5344069982673","-0.00755883113466192","0.0424131796183486","1.49188981331729","-0.0512537661377448","0.239864580545427"
"07/03/13","0.241254150046981","0.0215327270638617","-0.0818286697371997","0.0230950729173696","0.0427447900433422","0.22624055902011","0.143714357872308","-0.297126427498889","-0.126217582845872","-0.479269146949238","-0.00991098822026541","0.0390880354320772","1.44096785215884","-0.0437061354376199","-0.0180160061972481"
"21/03/13","0.31159669036312","0.0169488393955315","-0.0711746280444554","0.0188144387960925","0.0293533192033572","0.205713261503023","0.129141051341169","-0.276228384536742","-0.108891766157084","-0.437919459222363","-0.0116751661600879","0.036595094532693","1.40283482702983","-0.0380464899468384","-0.0797691019622479"
"04/04/13","0.387309514802563","0.0116021692771087","-0.0587469447634326","0.0138206186409382","0.0137323887242372","0.181765636251606","0.112139292585349","-0.251847372134736","-0.088676875607868","-0.389678852424039","-0.0137335934205801","0.0336880235314823","1.35840957184897","-0.0314445446659694","0.00551648188226472"
"18/04/13","0.471869092837509","0.00625689445027146","-0.0463209005884205","0.00882730666603368","-0.00188610276695773","0.157818290996512","0.0951374103610505","-0.227466369261875","-0.0684595160791608","-0.341434467312343","-0.0157923108238575","0.0307827617562147","1.31405104655058","-0.024843389407021","-0.00274937083845316"
"02/05/13","0.546926326368224","0.00091283249879312","-0.0338957822915523","0.00383458467232763","-0.0175023447831964","0.13387064519286","0.0781350771872167","-0.203085710469076","-0.0482392240173977","-0.293182829328686","-0.0178511538300895","0.0278793630241213","1.26975696426692","-0.0182427308645514","0.0156484096847529"
"16/05/13","0.579648389327902","-0.00443018648387108","-0.0214710330916623","-0.00115714515702798","-0.0331157799782048","0.109922621036362","0.0611320512722316","-0.17870583790646","-0.0280157911729803","-0.24492230016613","-0.0199099046359751","0.0249778009631665","1.22552430174638","-0.0116423913132065","-0.000801773117664047"
"30/05/13","0.560357231155977","-0.00977257585699793","-0.0090462703796279","-0.00614750308639388","-0.0487264045737509","0.0859735143659729","0.0441276267736224","-0.154327313921281","-0.00778924554807046","-0.19665204485807","-0.0219685755814309","0.0220779839378702","1.18134937747358","-0.00504225174148784","-0.0163433536941912"
"13/06/13","0.477603568337736","-0.0151149149855541","0.00337889005900517","-0.0111364810487149","-0.0643352916916232","0.0620223955558178","0.0271209386176101","-0.129950849550912","0.0124401219893668","-0.148371126734955","-0.0240271292268913","0.0191797344513756","1.13722818539504","0.00155780971560928","0.00254872484321806"
"27/06/13","0.361380394821674","-0.019694491026685","0.0140294193727822","-0.0154117104875959","-0.0777139953951","0.0414905590783968","0.0125412676542528","-0.109058945954709","0.0297814547333421","-0.106978459548458","-0.0257915246288622","0.0166966122992158","1.09944953512046","0.00721503608672459","-0.000115642416340605"
"11/07/13","0.220041232669746","-0.0242748394331861","0.0246802257907866","-0.0196860752062873","-0.0910931907354232","0.0209559202197821","-0.00204130709489294","-0.0881695870892718","0.0471241598513385","-0.0655771712199161","-0.0275558484961894","0.0142143120992208","1.06170441427458","0.0128723745515735","-0.000559448432704576"
"25/07/13","0.0592984733209","-0.0288563526653981","0.0353311549104232","-0.0239596773302877","-0.104473368938094","0.00041864750541483","-0.0166269167399117","-0.0672832615557447","0.0644679684002825","-0.0241671578621721","-0.0293200196444467","0.0117326780638884","1.02398992084959","0.0185299035659069","0.017190392437114"
"08/08/13","-0.0282682996297087","-0.0311476846687761","0.0406566182945937","-0.0260962188643776","-0.111164024404541","-0.0098509137311826","-0.0239209956489951","-0.0568413880588183","0.0731401832617558","-0.00345888055426988","-0.0302020321814558","0.0104920556099847","1.00514322395586","0.0213587630723753","0.00554022481997968"
"22/08/13","-0.14825827100556","-0.0342035146514513","0.0477572582817423","-0.0289446865175329","-0.120085638168147","-0.0235445603258749","-0.033647835476282","-0.0429203606397268","0.0847033733371358","0.0241555796663128","-0.0313779577915605","0.008838049450823","0.980024380794113","0.0251306956329575","-0.0221257216929118"
"05/09/13","-0.263014397468481","-0.0372602852320284","0.0548579633834497","-0.0317928860275733","-0.129008229645135","-0.0372392282865434","-0.0433763624219178","-0.02900114516828","0.0962667346907581","0.0517740106378813","-0.0325537387347837","0.00718416812599927","0.954916220286704","0.0289027849184974","-0.00448163525166895"
"19/09/13","-0.366947827820855","-0.0403181264563313","0.0619587339967471","-0.0346408675058658","-0.137931859096808","-0.0509349149254903","-0.0531066904708527","-0.0150838858213708","0.107830141188195","0.0793964351267942","-0.0337293633794368","0.00553034466262252","0.929817802043432","0.0326750518057003","0.00194182971864865"
"03/10/13","-0.503277982604802","-0.0449071602816683","0.0726100147476937","-0.0389124546261477","-0.151318788591343","-0.0714798131278133","-0.0677050648628196","0.00578803974830279","0.125175129100454","0.12083758790912","-0.0354925322229998","0.00304962225400692","0.89218635783663","0.0383338306704027","0.0294817248436131"
"17/10/13","-0.643463638155691","-0.0510303808680946","0.0868122217977376","-0.0446073585598844","-0.169170693841815","-0.0988752770506412","-0.0871745533301218","0.0336092696076058","0.148301340148024","0.176106740647716","-0.0378430378334564","-0.000258066266248911","0.842036199068478","0.0458796854651668","-0.0198513147947604"
"31/10/13","-0.701819652526966","-0.0563923839460716","0.099239953695278","-0.049590177879825","-0.184793724692539","-0.122847552191461","-0.104213736933874","0.0579446897073371","0.168536242249301","0.224480936966295","-0.0398994818005641","-0.00315220617986582","0.798172656346101","0.0524831817488787","-0.108914770964622"
"23/11/13","-0.614422978611947","-0.0663591943190663","0.122322808510075","-0.0588445675335767","-0.213815044408702","-0.167371224569473","-0.135866036946365","0.103118179563438","0.206113693487548","0.314353015240149","-0.0437184336523259","-0.00852719596321633","0.716736781270097","0.0647493098682411","0.762085512316648"
"30/11/13","-0.549456602765227","-0.0694277618578964","0.129426419641576","-0.0616924391901853","-0.222746821524167","-0.181072659626729","-0.145607765706259","0.117013559044626","0.217675910991675","0.342014973474732","-0.044893572607624","-0.0101812266286238","0.691681723020612","0.0685242269510242","-0.409580679041152"
"07/12/13","-0.495027881341657","-0.0717295960046549","0.134754695007289","-0.0638285169928941","-0.229446387151957","-0.191349565391322","-0.152914908405584","0.12743470138383","0.226347863459547","0.362764234888526","-0.045774987955267","-0.0114218487349018","0.672889931729214","0.0713556728776025","3.67199776190876"
"14/12/13","-0.419679567545352","-0.0747991568346462","0.141859905917622","-0.0666769103954731","-0.23838018094416","-0.205053474150849","-0.162659011569577","0.141329932422004","0.237911277264007","0.390433682797365","-0.0469503143728617","-0.0130761795653378","0.647832686102679","0.0751313524598008","36.8634256247098"
"21/12/13","-0.346461933368851","-0.0778691952568193","0.148966129353075","-0.0695256967938511","-0.247315278253802","-0.218759219269277","-0.172404610558384","0.155226239245357","0.249476075838979","0.418107494540643","-0.0481257911601001","-0.0147307438747857","0.622772712870202","0.0789075607565028","18.5698762373515"
"28/12/13","-0.278163798750327","-0.0809397412762579","0.156073449648024","-0.0723749353465924","-0.256251833829252","-0.23246713128929","-0.182151801648435","0.169124373083143","0.26104264703686","0.445785858405995","-0.0493014489431507","-0.016385571665963","0.597708965610901","0.0826843593489691","-31.8210803268713"
"04/01/14","-0.230873602168813","0.0498201368028123","-0.147588782177112","0.0494988817859671","0.125359782980125","0.352860559170693","0.233606951747172","-0.426036043652668","-0.233087715578828","-0.734389646308646","0.000970159544266512","0.0544759519595662","1.67701607662518","-0.0786320407947189","-21.1484091475606"
"11/01/14","-0.173827258673348","0.0467601675022424","-0.140473663087513","0.0466431824856899","0.116423979785025","0.339165802118514","0.2238844178974","-0.412093251333115","-0.221528576956239","-0.706792456661468","-0.000206688683707622","0.0528113398043629","1.65145699206925","-0.0748538280913689","-0.0580682927136932"
"18/01/14","-0.123635813103555","0.0437007249553317","-0.133360001883934","0.0437879356799983","0.107489664266339","0.325473241526657","0.214163476230373","-0.398152724180904","-0.209971418289212","-0.679200017482649","-0.00138334621849241","0.0511469910584774","1.62590234249901","-0.0710762597485571","-2.75251800021696"
"25/01/14","-0.0681228922582793","0.039877081704763","-0.124470036644724","0.0402193980857278","0.0963236380057829","0.308360154240806","0.202014194918379","-0.380729846622914","-0.195527377469106","-0.644715829804111","-0.00285395362923934","0.0490668798942608","1.59396633575792","-0.0663551686218673","-2.45681642138326"
"01/02/14","-0.0251696202006484","0.0368186536852585","-0.117359778740816","0.0373649006032491","0.0873921165415027","0.294671409405855","0.192296038514936","-0.366793433650123","-0.183973721907497","-0.617133304713276","-0.00403030022563837","0.047403060631691","1.56842593213122","-0.0625789725539946","-1.80121331740407"
"08/02/14","0.0344753538192887","0.0329961937237918","-0.108474020566169","0.033797110883927","0.0762290176057816","0.277562141277779","0.18014957974254","-0.349374775339986","-0.169533215772957","-0.58266053620404","-0.00550059799444076","0.0453236549400697","1.53651673782659","-0.0578595402353184","-0.903458628110438"
"15/02/14","0.0889828595846278","0.0299386840725787","-0.101366934868771","0.03094309767285","0.0672993194543859","0.263875705197602","0.170433117150334","-0.335441016527966","-0.15798175923695","-0.55508602593042","-0.00667675152285235","0.0436604222910834","1.51100801204062","-0.0540846166094741","0.0268230464983483"
"22/02/14","0.146280646869474","0.0268816111874734","-0.0942611174891694","0.028089221540122","0.058370068683612","0.250189870191556","0.160717031537916","-0.321508038929205","-0.146430894077994","-0.527514307377106","-0.00785285304538089","0.041997468820894","1.48551978228517","-0.0503102116180796","0.237918831043548"
"01/03/14","0.188494624325302","0.0245890883340306","-0.0889325225441841","0.0259488631614447","0.0516733498688584","0.239925770623717","0.153430111159235","-0.311058656944496","-0.137767987355854","-0.506837098504043","-0.00873491133012318","0.0407504510271862","1.46641783596114","-0.0474797269850297","0.162585144488421"
