"year","open","close","period","next_open","cum_days","G_men","G_sip","O_uni","G_sac","G_rubp","G_rubw","P_obl","N_dut","G_cal","G_cra","G_glu","G_tru","G_bul","G_fal","temp_K","temp_oC"
2008,"2008-01-14","2008-01-20",6,1,6,0,4.57,0,9.14,6.86,0,30.29,8,27.43,0.57,1.71,137.71,0,0,296.050000871931,22.9000008719308
2008,"2008-01-21","2008-01-27",6,1,13,7.43,13.71,1.71,18.29,7.43,0.57,33.71,28,23.43,7.43,6.86,452.57,0,0,295.587140764509,22.437140764509
2008,"2008-01-28","2008-02-03",6,1,20,7.43,22.86,2.29,8,5.71,1.14,71.43,29.71,32,0,6.29,245.14,1.14,1.71,295.654292515346,22.504292515346
2008,"2008-02-04","2008-02-10",6,1,27,1.71,18.86,0.57,4.57,8,1.14,38.86,31.43,64,1.14,5.71,346.29,1.71,0.57,296.030003138951,22.8800031389509
2008,"2008-02-11","2008-02-17",6,1,34,0.57,11.43,2.29,10.86,2.29,1.14,6.86,8.57,36,0,0.57,95.43,0,0.57,296.071428571429,22.9214285714286
2008,"2008-02-18","2008-02-24",6,1,41,2.29,11.43,2.29,16.57,18.29,1.14,8,18.29,40,1.71,5.71,110.86,1.71,0,295.96142578125,22.81142578125
2008,"2008-02-25","2008-03-02",6,1,48,1.71,4.57,5.14,23.43,9.14,0.57,1.71,5.71,18.29,2.29,0.57,74.29,0,0,296.110002790179,22.9600027901786
2008,"2008-03-03","2008-03-09",6,1,55,0.57,47.43,21.14,127.43,32.57,4.57,1.71,28.57,9.14,2.29,10.29,57.71,0,0,296.69429234096,23.5442923409598
2008,"2008-03-10","2008-03-16",6,1,62,11.43,25.71,7.43,24.57,16,5.71,1.14,29.71,14.86,0.57,28.57,23.43,0,0,298.131430489676,24.9814304896764
2008,"2008-03-17","2008-03-23",6,1,69,62.86,26.86,18.86,49.71,31.43,3.43,3.43,32.57,6.29,2.29,16,4.57,0,0,297.7457144601,24.5957144601005
2008,"2008-03-24","2008-03-30",6,1,76,29.71,7.43,33.14,64.57,23.43,2.86,1.71,13.71,11.43,4,17.71,2.86,0,0,297.958565848214,24.8085658482143
2008,"2008-03-31","2008-04-06",6,1,83,9.14,49.71,40,86.29,12,0.57,0.57,9.14,8.57,1.71,4.57,0.57,0,0,298.474286760603,25.3242867606027
2008,"2008-04-07","2008-04-13",6,1,90,2.29,17.71,8.57,10.29,4.57,2.29,0,5.71,4,0.57,2.29,2.29,0,0,298.94142804827,25.7914280482701
2008,"2008-04-14","2008-04-19",5,2,96,5.67,9.67,12.67,9.33,25.33,2,1,3,7.67,30,4.67,4,0,0,297.664998372396,24.5149983723958
2008,"2008-04-21","2008-04-27",6,1,104,37.43,8.86,26.57,85.71,36.57,13.43,1.43,7.14,9.71,30.86,16.57,4,0,0,298.485717773438,25.3357177734375
2008,"2008-04-28","2008-05-04",6,1,111,1.14,26.29,31.43,57.14,15.43,2.86,0,2.29,13.14,9.14,2.29,5.71,0,0,298.672860281808,25.5228602818081
2008,"2008-05-05","2008-05-11",6,1,118,0.57,10.57,9.71,10,18.86,6.29,0.29,1.71,13.14,2.29,1.71,0.86,0,0,299.118569510324,25.9685695103237
2008,"2008-05-12","2008-05-18",6,1,125,1.71,2.86,2.29,4.57,0.57,0.57,0,0.57,3.43,1.14,0,4,0,0,299.188568115234,26.0385681152344
2008,"2008-05-19","2008-05-25",6,1,132,8.57,14.29,24,37.14,34.29,9.14,0.57,2.29,8.57,7.43,0,9.71,0,0,299.294285365513,26.1442853655134
2008,"2008-05-26","2008-06-01",6,1,139,1.71,11.43,8.57,9.14,42.86,2.57,0.29,2.29,8.29,3.71,1.14,2.57,0,0,299.745723179408,26.5957231794085
2008,"2008-06-02","2008-06-08",6,1,146,0.57,10.86,4,3.43,24.57,9.71,0.57,1.14,9.14,1.71,1.14,1.71,0,0,300.592856270926,27.4428562709264
2008,"2008-06-09","2008-06-15",6,1,153,1.14,14.29,13.71,5.14,20,1.71,0,1.14,12,4,0,1.71,0,0,301.2457144601,28.0957144601005
2008,"2008-06-16","2008-06-22",6,1,160,0.57,4,2.29,3.43,10.29,4.57,0,0,8,1.71,0.57,1.71,0,0,301.815721784319,28.6657217843192
2008,"2008-06-23","2008-06-29",6,1,167,0.57,1.14,2.29,5.71,6.86,3.43,0.57,0.57,4.57,6.29,0,1.71,0,0,301.618573869978,28.4685738699777
2008,"2008-06-30","2008-07-06",6,1,174,0,3.43,2.29,2.86,14.29,2.86,0,0,5.14,3.43,1.14,0,0,0,301.417144775391,28.2671447753906
2008,"2008-07-07","2008-07-13",6,1,181,0,2.29,0,2.86,10.86,1.71,0,0,4,0.57,0.57,0.57,0,0,302.130000523158,28.9800005231585
2008,"2008-07-14","2008-07-20",6,1,188,1.43,11.71,16,18.29,102,9.71,0,5.14,6.86,7.71,1.71,0.29,0,0,302.401428222656,29.2514282226563
2008,"2008-07-21","2008-07-27",6,4,195,1.43,5.71,16.29,17.43,80.57,2.86,0.29,4.57,5.43,5.43,4,0.86,0,0,301.767142159598,28.6171421595982
2008,"2008-07-31","2008-08-06",6,1,205,0.57,18.86,7.43,59.43,83.43,2.29,0,20,1.71,7.43,5.71,0.57,0,0,302.317147391183,29.1671473911831
2008,"2008-08-07","2008-08-13",6,1,212,0.29,11.43,16.57,14.29,31.43,2.86,0,5.14,5.14,3.43,0.29,0.29,0,0,301.917140415737,28.7671404157366
2008,"2008-08-14","2008-08-20",6,1,219,0.86,4.86,7.71,7.43,19.71,0.86,0,3.71,4.57,1.71,2.29,0,0,0.29,302.222856794085,29.0728567940848
2008,"2008-08-21","2008-08-27",6,1,226,0.57,5.71,2,4,22.86,2.29,0,1.71,4.57,2.86,1.71,0.29,0,0,302.61714390346,29.4671439034598
2008,"2008-08-28","2008-09-03",6,1,233,0,15.43,0.57,4.86,14.57,2.29,0,1.43,16.29,5.14,0.86,0,0,0,302.840000697545,29.6900006975447
2008,"2008-09-04","2008-09-10",6,1,240,0,6.57,1.71,6,26.86,5.43,0,2,8.57,6.57,0.57,0,0,0,301.771427699498,28.6214276994978
2008,"2008-09-11","2008-09-17",6,1,247,0.29,7.43,5.71,15.71,30.57,1.43,0.29,2.29,6.57,3.43,0,0.29,0,0,300.712855747768,27.5628557477679
2008,"2008-09-18","2008-09-24",6,1,254,5.14,3.43,2.57,10.86,12,3.14,6,25.14,3.14,3.71,4.29,0.29,0.29,0,300.140001569475,26.9900015694755
2008,"2008-09-25","2008-10-01",6,1,261,0.29,31.14,5.43,9.14,15.14,0.86,14.29,22.86,9.43,1.71,2.29,0.29,0.86,0,300.005719866071,26.8557198660715
2008,"2008-10-02","2008-10-08",6,1,268,1.14,16.57,8.86,8,39.14,1.43,9.71,20,9.43,1.43,4.29,0,0.29,0,300.082855224609,26.9328552246094
2008,"2008-10-09","2008-10-15",6,1,275,6,11.43,5.43,24.86,5.14,2.29,7.14,11.71,11.43,1.14,2.57,0,0,0.29,300.964285714286,27.8142857142857
2008,"2008-10-16","2008-10-22",6,4,282,7.14,5.43,5.43,9.14,6,1.14,5.43,4,5.71,0,2.86,0,0,0,300.352857317243,27.2028573172433
2008,"2008-10-26","2008-11-01",6,1,292,6,45.43,2.57,27.14,12.57,0.57,20,22,7.14,10,3.43,0,0.29,0,299.038569859096,25.888569859096
2008,"2008-11-02","2008-11-08",6,1,299,5.14,14.86,2.29,16,4,1.71,68.57,30.29,8,8.57,9.14,0,0,0,298.364288330078,25.2142883300781
2008,"2008-11-09","2008-11-15",6,1,306,44,45.14,18.29,38.29,11.43,5.14,177.71,36,14.29,1.14,6.86,0,0.57,0,298.332850864955,25.1828508649554
2008,"2008-11-16","2008-11-22",6,1,313,34.86,19.43,6.29,33.71,11.43,2.86,125.14,72,18.29,0,5.14,0,0.57,0.57,297.804282052176,24.6542820521764
2008,"2008-11-23","2008-11-29",6,1,320,9.71,84,2.86,42.86,8,1.14,305.14,49.14,15.43,1.14,3.43,0,5.14,0,297.51857648577,24.3685764857701
2008,"2008-11-30","2008-12-06",6,1,327,12.57,33.14,2.86,54.86,16,2.86,322.86,99.43,41.71,1.14,6.29,0,47.43,16.57,297.231427873884,24.081427873884
2008,"2008-12-07","2008-12-13",6,1,334,4,16.57,1.71,28.57,2.86,0.57,76,64.57,19.43,1.14,0.57,0,9.14,4.57,296.485709054129,23.3357090541295
2008,"2008-12-14","2008-12-20",6,1,341,3.43,12,1.14,18.86,2.86,3.43,120,72.57,37.71,1.14,12,4,12.57,10.29,296.357147216797,23.2071472167969
2008,"2008-12-21","2008-12-27",6,1,348,1.71,39.43,1.71,27.43,14.29,6.29,97.14,67.43,108,0.57,2.29,24,24,68.57,296.112854003906,22.9628540039063
2008,"2008-12-28","2009-01-03",6,1,355,0.57,22.86,1.71,9.14,4.57,0.57,53.71,42.29,89.14,0.57,3.43,85.14,6.86,6.86,295.924290248326,22.7742902483259
2009,"2009-01-04","2009-01-07",3,2,359,2,7,0,4,1,0,8,10,40,0,3,107,3,3,296.375,23.225
2009,"2009-01-09","2009-01-15",6,1,367,1.43,3.43,1.71,32.86,8.86,2.57,3.71,10,19.71,1.14,0,138.86,0.29,0,296.305712018694,23.1557120186942
2009,"2009-01-16","2009-01-22",6,1,374,5.71,12,2.29,42.86,48,18.29,8,25.14,30.86,0,4,257.71,0,0,296.732857840402,23.5828578404018
2009,"2009-01-23","2009-01-29",6,1,381,4,10,5.71,11.43,25.14,10.29,4.29,7.14,6.29,0.57,1.71,53.43,0.29,0.29,297.935716901507,24.7857169015067
2009,"2009-01-30","2009-02-05",6,1,388,14.86,40,19.43,40.57,68,8.57,35.43,30.86,54.29,1.71,2.86,546.86,0,0,297.208570207868,24.0585702078683
2009,"2009-02-06","2009-02-12",6,1,395,41.71,22.86,20,13.14,36.57,17.71,42.86,37.71,32.57,4,4.57,254.29,0,0.57,296.961430140904,23.8114301409041
2009,"2009-02-13","2009-02-19",6,1,402,48,8,5.71,30.29,103.43,37.71,118.86,101.14,22.86,0.57,32.57,62.86,7.43,0,295.988568987165,22.8385689871652
2009,"2009-02-20","2009-02-26",6,1,409,4.86,84.29,3.71,13.14,35.14,6.57,12,24,13.71,4,2.57,60.29,0,0,295.922855922154,22.7728559221541
2009,"2009-02-27","2009-03-05",6,1,416,6.57,19.71,8.57,23.71,65.71,29.71,9.43,25.43,58.57,0.29,8.29,35.43,11.14,0,296.445717947824,23.2957179478237
2009,"2009-03-06","2009-03-12",6,8,423,28.29,27.71,13.14,48.86,106.57,54.57,8.29,26,22.57,0,2.86,15.43,1.43,0,296.482853480748,23.3328534807478
2009,"2009-03-20","2009-03-26",6,1,437,7.43,20.29,4.57,10.86,17.43,6.86,0.57,3.71,35.43,1.43,0.86,27.14,0.57,0,296.851427350725,23.7014273507255
2009,"2009-03-27","2009-04-02",6,8,444,2.57,7.71,3.14,7.14,25.71,17.71,1.14,3.14,9.14,0,0.29,4.86,0,0,297.052852085658,23.9028520856585
2009,"2009-04-10","2009-04-16",6,1,458,21.14,10.86,6,64.29,33.71,8.29,8.29,8.57,11.14,0.86,0,10.29,0.57,0,295.935712541853,22.7857125418527
2009,"2009-04-17","2009-04-23",6,1,465,7.14,42.57,8.29,39.71,28.29,6.57,7.71,9.14,36,4.86,0.29,14.57,0.29,0,296.302865164621,23.1528651646206
2009,"2009-04-24","2009-04-30",6,8,472,0.57,7.71,1.14,4,6.57,1.71,1.14,1.71,6,0.86,0,4,0,0,296.652858189174,23.5028581891741
2009,"2009-05-08","2009-05-14",6,1,486,5.43,22,12,26.57,53.71,9.14,6.29,3.71,12.86,1.14,0.57,5.43,0,0,299.218575613839,26.0685756138393
2009,"2009-05-15","2009-05-21",6,1,493,2.86,11.71,6,17.14,22.86,4.86,2.57,2.57,12.86,1.14,1.14,6,0.29,0,299.07428414481,25.9242841448103
2009,"2009-05-22","2009-05-26",4,124,498,0.4,14,2.8,8,28.8,3.2,1.2,1.2,6.8,1.6,0.8,5.2,0,0,298.405993652344,25.2559936523438
2009,"2009-09-27","2009-10-03",6,1,628,1.43,0.57,3.71,2.57,4,0.29,0,0.57,1.43,1.71,0.29,0,0.29,0,302.857138497489,29.7071384974889
2009,"2009-10-04","2009-10-10",6,1,635,17.71,1.14,1.43,2.57,15.71,9.43,0.29,1.14,13.14,5.43,0.57,0.57,0,0,302.292855398996,29.1428553989956
2009,"2009-10-11","2009-10-17",6,8,642,12.57,7.14,0.29,7.43,30,14.57,0,3.14,6.86,2,0.57,0,0,0.86,302.018567766462,28.8685677664621
2009,"2009-10-25","2009-10-31",6,1,656,4.86,3.43,0,5.71,10.29,21.71,0.29,4.86,16.29,0.57,2.29,0.29,0,0,301.571428571429,28.4214285714286
2009,"2009-11-01","2009-11-07",6,1,663,6.29,3.71,0.86,6.57,6.86,3.71,1.71,12,9.43,0.57,2.29,0.29,0,0,299.787135532924,26.6371355329241
2009,"2009-11-08","2009-11-14",6,8,670,5.14,3.14,1.14,3.14,1.14,1.14,2.57,7.14,4,0.86,3.43,0,0,0,298.98000226702,25.8300022670201
2009,"2009-11-22","2009-11-28",6,1,684,13.71,8.57,3.14,2.29,2.57,2.86,69.14,42.86,10,1.43,0.29,0,0.86,0.29,295.88572038923,22.7357203892299
2009,"2009-11-29","2009-12-05",6,8,691,30.86,6,0.29,3.43,2.29,0.57,50.86,69.14,8,2.29,0,0.29,0.29,0.57,296.131430489676,22.9814304896764
2009,"2009-12-13","2009-12-19",6,1,705,1.14,12,1.14,1.71,1.14,3.43,38.29,76,26.29,0.57,1.14,0,3.43,17.71,296.44571358817,23.2957135881697
2009,"2009-12-20","2009-12-26",6,1,712,0.86,7.71,0,1.14,0,0.57,7.71,28.57,39.43,1.43,0,3.14,2.86,3.71,295.371425083705,22.2214250837054
2009,"2009-12-27","2010-01-02",6,8,719,5.14,4.57,0,1.14,2.29,3.43,46.29,57.71,187.43,2.86,2.29,22.86,28,20.57,294.797140938895,21.6471409388951
2010,"2010-01-10","2010-01-16",6,1,733,2.29,4,0.57,5.14,1.71,1.71,42.86,34.86,33.71,0.57,3.43,277.14,1.71,13.14,293.948573521205,20.7985735212054
2010,"2010-01-17","2010-01-23",6,1,740,0,2.29,0,2.29,0,0,22.29,38.86,18.29,0,9.14,253.71,0.57,6.29,294.121429443359,20.9714294433594
2010,"2010-01-24","2010-02-06",13,22,754,10.57,2,1.14,1.71,1.14,4.86,22,24,17.43,0,7.71,451.14,1.71,1.43,294.301428658622,21.1514286586217
2010,"2010-02-28","2010-03-06",6,4,782,13.71,6,1.14,7.71,2.57,6.57,27.43,15.71,28.86,3.14,4.29,55.14,0.86,0,293.051426478795,19.9014264787947
2010,"2010-03-10","2010-03-23",13,1,799,4,14.86,1.14,5.14,6,20,42.86,49.43,88.57,0.57,11.71,25.43,2.86,0,292.858570643834,19.7085706438338
2010,"2010-03-24","2010-04-06",13,1,813,10.57,13.43,1.14,9.43,11.43,25.71,31.43,38,275.71,3.14,21.71,31.43,13.43,0,293.291427612305,20.1414276123047
2010,"2010-04-07","2010-04-13",6,1,820,2.57,11.71,1.43,3.71,4.86,14.57,14.86,16.57,102,0.57,9.43,6.86,10.29,0,293.954289027623,20.8042890276228
2010,"2010-04-14","2010-04-20",6,1,827,2.86,14.86,2.29,9.71,66.86,50.86,8,18.29,114.29,9.71,12.57,76.57,16.57,0,294.470001220703,21.3200012207031
2010,"2010-04-21","2010-04-27",6,1,834,8.57,34.29,4,22.29,100,111.43,12,18.29,61.14,7.43,10.29,6.86,1.14,0,295.780003138951,22.6300031389509
2010,"2010-04-28","2010-05-04",6,1,841,8.57,6.29,13.14,26.86,30.29,28.57,6.29,13.14,25.14,6.29,8.57,12,0,0,296.601427350725,23.4514273507255
2010,"2010-05-05","2010-05-11",6,1,848,0,1.43,2,4.86,3.71,4,0.57,1.71,9.71,5.71,0.29,3.71,0,0,297.818572998047,24.6685729980469
2010,"2010-05-12","2010-05-18",6,1,855,0.57,21.14,8.57,11.43,17.14,42.86,0,3.43,41.71,4.57,6.86,5.71,0,0,299.03857421875,25.88857421875
2010,"2010-05-19","2010-05-25",6,1,862,0.29,4.29,2,3.14,5.71,13.71,0,0.86,20,7.71,3.43,2.57,0,0,299.821424211775,26.6714242117746
2010,"2010-05-26","2010-06-01",6,1,869,2.29,4.29,2.57,8.29,23.43,34.57,0,3.43,24.29,6.29,4.29,1.71,0,0,300.834289550781,27.6842895507813
2010,"2010-06-02","2010-06-08",6,1,876,0.57,4.57,1.43,4.29,18.29,31.43,0,3.43,10.57,4.57,6.86,0.57,0,0,300.997144426618,27.8471444266183
2010,"2010-06-09","2010-06-15",6,1,883,0,4,0,2.29,13.43,11.71,0,0.29,8.29,2.86,3.14,0.29,0.29,0,301.868569510324,28.7185695103237
2010,"2010-06-16","2010-06-22",6,1,890,0.86,4.86,2.86,6.86,25.43,25.43,0.57,1.71,18.29,2.86,2.57,0.29,0,0,303.542855398996,30.3928553989956
2010,"2010-06-23","2010-06-29",6,1,897,0.57,7.14,0.57,4.86,15.14,23.43,0.57,2.86,20,5.71,2,0.57,0.57,0,302.932856968471,29.782856968471
2010,"2010-06-30","2010-07-06",6,1,904,1.14,3.43,2.29,9.14,82.29,36.57,0,4.57,14.29,8.57,1.71,2.29,0,0,302.067147391183,28.9171473911831
2010,"2010-07-07","2010-07-13",6,1,911,1.14,4,0.57,6.86,121.14,25.14,0,4.57,5.71,28,1.14,0.57,0,0,302.5,29.35
2010,"2010-07-14","2010-07-24",10,1,922,0,6.91,1.45,4.91,44.36,19.82,0,3.82,7.82,3.27,0.91,1.09,0,0,302.999994451349,29.8499944513495
2010,"2010-07-25","2010-08-07",13,1,936,4,12.29,1.43,8,54.86,65.43,0.57,5.43,15.43,9.43,7.14,2,0.29,0,303.422140938895,30.2721409388951
2010,"2010-08-08","2010-08-21",13,1,950,1.71,4.43,0.71,1.57,10.43,7.43,0,0.86,6.14,3.14,0.71,0.29,0,0,303.543572562081,30.3935725620815
2010,"2010-08-22","2010-09-04",13,1,964,2.57,1.86,0.14,3.43,14.71,6,0,1,2.43,3.86,0.43,0.57,0,0,303.087857927595,29.9378579275949
2010,"2010-09-05","2010-09-18",13,3,978,1.71,4,2.57,9.14,29.71,36.86,0,0.57,3.14,2,1.71,0.29,0,0,302.407141549247,29.2571415492467
2010,"2010-09-21","2010-09-27",6,1,987,2,11.43,0,4,19.71,17.71,0,4.86,8.29,0.86,11.71,0,0,0,302.167140415737,29.0171404157366
2010,"2010-09-28","2010-10-04",6,1,994,28,4,2.86,39.43,37.71,47.43,0.57,16,5.14,0,9.14,0.57,0,0,301.625714983259,28.475714983259
2010,"2010-10-05","2010-10-11",6,1,1001,10.86,29.14,2.29,20,43.43,42.86,2.29,23.43,10.29,2.86,29.71,1.71,0,0,300.624285016741,27.4742850167411
2010,"2010-10-12","2010-10-18",6,1,1008,11.71,16.86,3.71,9.14,36.29,23.71,4.57,20.86,12.29,4.86,8.86,0.57,0,0,300.127144949777,26.9771449497768
2010,"2010-10-19","2010-10-25",6,1,1015,58.29,16.57,6.29,17.14,29.14,15.43,5.71,20.57,8,2.86,2.29,0,0,0,299.858564104353,26.7085641043527
2010,"2010-10-26","2010-11-01",6,1,1022,104,2.29,2.29,8,30.86,38.86,10.29,17.71,6.29,0.57,1.14,1.14,0,0,299.818577357701,26.6685773577009
2010,"2010-11-02","2010-11-08",6,1,1029,21.71,24.29,1.14,10,35.43,23.43,5.14,11.43,7.43,1.71,0.86,0.29,0,0,299.185708182199,26.0357081821987
2010,"2010-11-09","2010-11-15",6,1,1036,10.86,12.86,2.29,6.57,32.29,41.43,15.43,14,4.57,0.57,2.57,0.29,0,0,298.282863071987,25.1328630719866
2010,"2010-11-16","2010-11-22",6,1,1043,45.71,21.14,1.14,16,40.57,59.43,60,25.71,5.14,0,1.71,0,0,0,297.915714808873,24.7657148088728
2010,"2010-11-23","2010-11-29",6,1,1050,60.57,2.86,0,4,10.86,17.14,41.14,36.57,2.29,1.71,0,0,0,0,297.694283621652,24.5442836216518
2010,"2010-11-30","2010-12-06",6,1,1057,12.29,8.86,0.29,0.86,4.57,24.57,29.14,24.86,2.29,0.86,0.86,0.29,0,0,296.824288504464,23.6742885044643
2010,"2010-12-07","2010-12-13",6,1,1064,14.29,21.71,0,6.29,25.14,63.43,48,22.29,11.43,0.57,1.14,2.29,0,4,295.969996861049,22.8199968610491
2010,"2010-12-14","2010-12-20",6,1,1071,14.86,10.29,1.71,6.29,18.86,66.29,168.57,35.43,24.57,0.57,5.71,2.86,2.29,120.57,295.350006103516,22.2000061035156
2010,"2010-12-21","2010-12-27",6,1,1078,17.71,16,0.57,6.29,15.43,30.29,178.29,55.43,34.86,0,6.29,30.86,2.86,284,294.881430489676,21.7314304896764
2010,"2010-12-28","2011-01-03",6,1,1085,6.86,12,0.57,4,7.43,12.57,73.14,53.71,30.86,0.57,4.57,46.29,0.57,33.14,294.479997907366,21.3299979073661
2011,"2011-01-04","2011-01-10",6,1,1092,2.29,4.57,0.57,1.71,2.29,6.29,32.57,18.29,10.29,0,1.71,82.29,0,16.57,294.334289550781,21.1842895507813
2011,"2011-01-11","2011-01-17",6,1,1099,6.86,9.14,0,1.71,2.86,6.29,25.14,33.71,13.71,1.14,0.57,108.57,0.57,30.29,293.771427699498,20.6214276994978
2011,"2011-01-18","2011-01-20",2,1,1102,1.14,1.71,0,0,0,1.14,6.86,2.86,2.86,0,0,154.86,0,2.29,293.483337402344,20.3333374023438
2011,"2011-01-21","2011-02-03",13,1,1116,7.14,2.29,0.29,1.71,0.57,4.57,22,12.29,28.29,0.29,3.43,412.29,0,3.71,293.075001307896,19.9250013078963
2011,"2011-02-04","2011-02-17",13,1,1130,2.29,5.43,0,1.43,0.86,5.14,26.29,12,24.86,0.29,1.14,535.14,0.29,0.29,292.805003574916,19.6550035749163
2011,"2011-02-18","2011-03-03",13,1,1144,8,22.57,1.14,9.71,9.71,20.57,82.86,43.71,79.14,0,7.14,108.57,1.14,0.29,293.795715332031,20.6457153320313
2011,"2011-03-04","2011-03-10",6,1,1151,1.71,11.43,2.86,6.29,14.29,14.29,15.43,14.29,104.57,1.71,2.29,153.14,0,0,294.297145298549,21.1471452985491
2011,"2011-03-11","2011-03-17",6,1,1158,0.29,7.14,0.86,0.57,1.71,2,0.57,0.29,29.43,0,1.14,5.43,0,0.29,294.624276297433,21.4742762974331
2011,"2011-03-18","2011-03-24",6,1,1165,9.71,6.29,9.71,26.86,55.43,34.29,13.14,17.14,27.43,0.57,0,14.29,0,0,295.874285016741,22.7242850167411
2011,"2011-03-25","2011-03-31",6,1,1172,4.86,8.86,12.57,18,28.29,13.43,12.29,11.71,12.29,2.86,0.86,14.86,0.29,0,296.78857421875,23.63857421875
2011,"2011-04-01","2011-04-07",6,1,1179,0.86,21.14,2.86,3.43,16.29,7.43,1.71,8,7.43,12.57,0.86,5.43,0,0,297.198573521205,24.0485735212054
2011,"2011-04-08","2011-04-14",6,1,1186,1.14,8.86,3.71,11.43,30.57,29.14,4.29,11.14,7.14,8.57,2,4.86,0.86,0,296.965720040458,23.8157200404576
2011,"2011-04-15","2011-04-21",6,1,1193,7.14,6.57,4.86,9.43,25.71,12.29,10.57,25.43,2,2.29,1.14,3.14,0,0,297.38285609654,24.2328560965402
2011,"2011-04-22","2011-04-28",6,1,1200,8,3.14,14.29,19.43,33.43,7.14,10.29,15.71,8,10.29,0.86,8.29,0,0,297.861428397042,24.7114283970424
2011,"2011-04-29","2011-05-05",6,1,1207,1.14,4.86,4.57,5.43,10,2.57,1.43,7.71,4.29,1.14,0,4,0,0,298.030003138951,24.8800031389509
2011,"2011-05-06","2011-05-12",6,1,1214,1.14,12.29,5.14,14.57,42.29,42,2.57,8.86,14.29,0.57,4.29,2.57,0,0,298.498574393136,25.3485743931362
2011,"2011-05-13","2011-05-19",6,1,1221,3.43,7.43,6.57,7.71,33.43,27.14,8.86,20,6.86,4.57,3.71,8.86,0,0,298.659990583147,25.5099905831473
2011,"2011-05-20","2011-05-26",6,1,1228,2.29,3.71,4.29,12.29,32.57,23.71,3.43,7.71,8.57,1.71,1.71,2.57,0,0,299.012860979353,25.8628609793527
2011,"2011-05-27","2011-06-02",6,1,1235,2.57,8,4.29,5.14,22.57,20.57,5.14,9.71,8.29,1.43,1.71,1.71,0.29,0,299.847137451172,26.6971374511719
2011,"2011-06-03","2011-06-09",6,1,1242,0.57,20.57,7.43,7.43,35.43,40.57,2.29,5.14,37.71,2.29,7.43,1.71,0,0,300.540004185268,27.3900041852679
2011,"2011-06-10","2011-06-23",13,1,1256,16,8.57,13.14,25.43,28.29,15.14,4,8.86,10.29,4,1.43,5.71,0,0,301.861430576869,28.7114305768694
2011,"2011-06-24","2011-07-07",13,1,1270,9.43,6.86,8.57,18,21.43,12,1.14,5.71,5.14,5.43,1.43,3.43,0.29,0,302.162139892578,29.0121398925781
2011,"2011-07-08","2011-07-21",13,1,1284,3.43,5.14,10.29,22.29,35.71,29.43,1.43,4.86,4.86,8.29,0.86,1.14,0,0,302.688568115234,29.5385681152344
2011,"2011-07-22","2011-08-08",17,6,1302,1.33,7.11,5.33,12.44,22.89,7.78,1.33,4.22,3.33,3.56,0.22,1.11,0.22,0,303.289445665148,30.1394456651476
2011,"2011-08-14","2011-08-27",13,1,1321,3.43,6.43,3.43,11,30.43,22.57,0.14,1,5.57,11,0.14,0.43,0,0,303.947854178292,30.7978541782924
2011,"2011-08-28","2011-09-10",13,1,1335,0,20.86,3.14,36.57,52.86,42,0,0.29,5.14,3.43,0.57,2,0,0,303.100714547294,29.9507145472936
2011,"2011-09-11","2011-09-24",13,1,1349,4.57,13.14,24.57,195.43,190.57,215.14,0.57,5.14,4.86,5.14,6.29,4.86,0,0,302.424998692104,29.2749986921038
2011,"2011-09-25","2011-10-08",13,1,1363,0.57,20.29,4.29,39.43,10.57,22.86,0,0.86,13.71,1.71,3.71,1.14,0,0,302.578571864537,29.4285718645369
2011,"2011-10-09","2011-10-22",13,1,1377,11.43,6,3.71,77.43,177.14,238,0.86,9.71,7.71,2.29,25.14,2,0,0,301.248565673828,28.0985656738281
2011,"2011-10-23","2011-10-29",6,1,1384,2.86,9.14,1.14,95.43,46.86,13.71,1.14,5.14,6.29,0.57,5.14,0,0,0,300.188568115234,27.0385681152344
2011,"2011-10-30","2011-11-05",6,1,1391,2.57,3.43,0.29,14.57,9.14,8.57,2.86,5.14,10.29,0.57,1.43,4.29,0,0,299.138571602958,25.9885716029576
2011,"2011-11-06","2011-11-12",6,1,1398,13.43,3.14,2.86,8.29,10.57,10,24.57,18.86,9.14,0.57,1.43,0.57,0,0,298.454275948661,25.3042759486607
2011,"2011-11-13","2011-11-19",6,1,1405,36,4,3.43,6.29,18.86,25.71,37.14,25.71,5.71,1.14,6.29,0,0,0,298.218566894531,25.0685668945313
2011,"2011-11-20","2011-11-26",6,1,1412,19.43,38.86,3.43,35.43,52.57,59.43,23.43,28,6.29,0,4,0,0,0,298.018572126116,24.8685721261161
2011,"2011-11-27","2011-12-03",6,1,1419,2.57,9.14,2.86,11.71,9.14,7.43,7.71,6.29,2.29,0,1.14,0,0,0,297.219996861049,24.0699968610491
2011,"2011-12-04","2011-12-10",6,1,1426,22.29,16.57,2.29,33.14,26.29,41.71,24.57,62.86,13.14,0,6.86,0,0,0.57,296.630000523158,23.4800005231585
2011,"2011-12-11","2011-12-17",6,1,1433,19.43,8.57,6.86,18.86,25.71,25.14,42.86,35.43,6.29,1.14,2.86,1.14,0,4,295.628574916295,22.4785749162947
2011,"2011-12-18","2011-12-24",6,1,1440,9.71,39.43,11.43,33.71,14.29,28.57,28,25.71,18.86,2.29,2.86,2.86,0.57,101.71,296.114283970424,22.9642839704241
2011,"2011-12-25","2011-12-31",6,1,1447,4,78.29,2.29,12,9.71,9.71,13.14,21.71,16,0.57,0.57,7.43,0,44,295.874289376395,22.7242893763951
2012,"2012-01-01","2012-01-07",6,1,1454,4.57,22.29,2.29,8.57,12,14.86,8.57,26.29,23.43,0,4.57,7.43,0,49.14,296.010005405971,22.860005405971
2012,"2012-01-08","2012-01-14",6,1,1461,3.71,5.71,1.14,7.14,6.86,9.43,5.71,12.86,8,0,1.71,17.43,0,10,296.295710972377,23.1457109723772
2012,"2012-01-15","2012-01-21",6,1,1468,8.57,12,4,16.57,17.71,24,18.86,17.71,6.86,0.57,5.14,74.29,0,21.14,296.274287632533,23.1242876325335
2012,"2012-01-22","2012-01-28",6,1,1475,1.43,5.71,1.71,7.43,5.14,11.71,9.14,10.29,7.43,0,2.86,52.86,0,12,296.489998953683,23.3399989536831
2012,"2012-01-29","2012-02-04",6,1,1482,0.57,0.57,0,2.86,1.14,2.57,0.86,1.71,4.29,0,0.29,20.29,0,2.57,295.63714163644,22.4871416364397
2012,"2012-02-05","2012-02-11",6,45,1489,0,0.57,0,0,0.29,0.57,0.57,0.57,1.14,0,0.29,3.14,0,0.57,295.354282924107,22.2042829241072
2012,"2012-03-27","2012-04-02",6,1,1540,2.57,10.29,2.57,8.57,8.57,2.29,1.14,7.43,28.57,2.86,0.57,37.14,0,0,297.587140764509,24.437140764509
2012,"2012-04-03","2012-04-09",6,1,1547,12.86,19.43,5.71,6.29,5.71,4.57,3.43,6,45.43,2.29,0.86,18.86,0,0,297.405713762556,24.2557137625558
2012,"2012-04-10","2012-04-16",6,1,1554,11.43,60.57,22.86,27.43,40,50.86,8.57,18.86,81.14,2.86,8.57,44,0,0,297.792855398996,24.6428553989956
2012,"2012-04-17","2012-04-23",6,1,1561,0.86,39.43,2.86,8,27.71,23.71,0.57,5.71,27.14,2,1.71,14.29,0,0,297.760005405971,24.610005405971
2012,"2012-04-24","2012-04-30",6,1,1568,2.86,29.71,19.43,21.14,46.86,19.43,3.43,10.29,28.57,1.71,1.14,22.29,0,0,297.677150181362,24.5271501813616
2012,"2012-05-01","2012-05-07",6,1,1575,21.71,23.43,43.43,111.43,94.29,40,24,37.14,22.29,0.57,13.71,1.71,0,0,299.467150006975,26.3171500069755
2012,"2012-05-08","2012-05-14",6,1,1582,18.86,21.14,37.14,91.43,43.43,24.57,9.71,29.14,17.14,1.14,16.57,5.71,0,0,300.059997558594,26.9099975585938
2012,"2012-05-15","2012-05-21",6,1,1589,1.71,72.29,8,5.14,14.86,7.14,0.29,10.57,34.57,10.86,3.71,4.57,0,0,299.22713797433,26.0771379743304
2012,"2012-05-22","2012-05-28",6,1,1596,1.43,17.43,2.86,4.29,12,8.29,1.14,12.86,39.71,1.43,4.57,1.14,0,0,299.624280657087,26.4742806570871
2012,"2012-05-29","2012-06-04",6,1,1603,4,24.57,18.29,22.29,48.57,21.71,1.71,10.29,27.43,12,5.71,4.57,0,0,300.615709577288,27.465709577288
2012,"2012-06-05","2012-06-11",6,1,1610,1.71,7.71,3.14,2.57,16.29,8,0,2,11.14,0.86,1.43,0.86,0,0,300.755715506417,27.6057155064174
2012,"2012-06-12","2012-06-18",6,1,1617,3.43,13.71,9.71,16.86,26.86,14.29,0.29,2.29,22,4.86,1.14,2.57,0,0,301.28428867885,28.1342886788505
2012,"2012-06-19","2012-06-25",6,1,1624,0.57,6.29,3.71,5.14,12.29,4.29,0,1.43,9.14,6.86,1.14,4.57,0,0,300.898572649275,27.7485726492746
2012,"2012-06-26","2012-07-02",6,1,1631,1.14,4.57,2.86,24.57,58.86,78.86,0,8,6.29,3.43,5.71,1.14,0,0,301.931431361607,28.7814313616072
2012,"2012-07-03","2012-07-09",6,1,1638,6.86,14.29,20,106.86,126.29,124,0.57,28.57,13.14,0.57,10.86,1.71,0,0,302.668570382254,29.5185703822545
2012,"2012-07-10","2012-07-16",6,1,1645,0.29,0,0,1.14,2.86,2,0,0,0,0,0.29,0,0,0,302.574288504464,29.4242885044643
2012,"2012-07-17","2012-07-23",6,1,1652,0.29,0.29,1.14,2.86,5.43,5.71,0.29,0.57,1.14,0.57,1.71,0.29,0,0,302.321428571429,29.1714285714286
2012,"2012-07-24","2012-07-30",6,1,1659,0.57,8.29,3.43,8.86,12,8.86,0,0.86,6.57,1.71,1.14,0.29,0,0,302.929997035435,29.7799970354353
2012,"2012-07-31","2012-08-06",6,1,1666,1.43,13.43,2.86,9.71,30.57,22.29,0.29,4,8.57,2,0.86,0,0,0,303.368578229632,30.2185782296317
2012,"2012-08-07","2012-08-13",6,2,1673,2.86,56,15.43,53.14,138.86,96,0,10.86,50.86,23.43,3.43,5.14,0,0,303.778573172433,30.6285731724331
2012,"2012-08-15","2012-08-28",13,1,1688,1.14,22,9.14,37.14,56,24.29,0.29,2.86,15.43,16.57,0,1.43,0,0,303.187144688198,30.0371446881975
2012,"2012-08-29","2012-09-11",13,1,1702,2.29,4.86,6,69.43,76,28.29,0,3.14,17.14,0.57,0.29,0.29,0,0,302.313572474888,29.1635724748884
2012,"2012-09-12","2012-09-25",13,1,1716,1.43,18.57,8.86,34.29,38,22.57,0,1.71,15.43,2.57,2.57,0.57,0,0,301.842141287667,28.6921412876674
2012,"2012-09-26","2012-10-09",13,1,1730,25.43,11.14,3.14,9.14,35.71,20.57,0.57,10.29,15.43,3.43,1.14,0.57,0,0,301.651430402483,28.5014304024833
2012,"2012-10-10","2012-10-23",13,1,1744,5.43,20.57,5.43,18.57,16.57,14,0.29,4,7.71,1.14,0.86,0,0,0,301.674288068499,28.5242880684989
2012,"2012-10-24","2012-11-06",13,1,1758,6,4.29,1.14,8.29,12.86,14.14,2.14,3.43,4.29,0.14,1.14,0,0,0,300.263569423131,27.1135694231306
2012,"2012-11-07","2012-11-13",6,1,1765,12,34.86,12.57,93.71,49.14,44.57,22.86,6.29,12.57,0.57,1.71,0,0,0,298.739994594029,25.5899945940291
2012,"2012-11-14","2012-11-20",6,1,1772,5.43,64.29,5.71,27.71,9.14,12.29,12,8,8.29,2.29,0.86,0,0,0,297.73000226702,24.5800022670201
2012,"2012-11-21","2012-11-27",6,1,1779,6.86,15.43,4,18.86,9.71,58.29,29.14,19.43,5.14,1.14,5.14,0,0,0,297.388575962612,24.2385759626116
2012,"2012-11-28","2012-12-04",6,1,1786,23.14,6.57,3.71,20.86,7.71,26.29,34.29,14.57,3.43,2,0.57,0,0,0,297.111428397042,23.9614283970424
2012,"2012-12-05","2012-12-11",6,1,1793,7.14,3.43,2.29,16.29,1.14,6.29,15.43,10.57,4,0.29,0.57,0,0,0,297.115713936942,23.965713936942
2012,"2012-12-12","2012-12-18",6,1,1800,4,4.29,0,3.43,0.86,7.14,3.71,13.14,2.86,0.57,0.29,0,0,0,296.388567243304,23.2385672433036
2012,"2012-12-19","2012-12-25",6,1,1807,3.43,2.86,0,1.43,0.29,2.29,2,4.29,2.86,0,0,0,0,0,296.021427699498,22.8714276994978
2012,"2012-12-26","2013-01-01",6,1,1814,4.29,2.57,1.14,2.29,2.57,5.14,12.86,7.71,5.71,0,0.29,0.86,0,0,296.007141113281,22.8571411132813
2013,"2013-01-02","2013-01-08",6,1,1821,24.57,8.57,1.71,20.57,6.86,20,113.14,40.57,29.71,2.29,1.14,4.57,0,5.71,295.645712716239,22.4957127162389
2013,"2013-01-09","2013-01-15",6,1,1828,3.71,5.71,0.57,6,1.14,4.86,36.57,24.57,11.71,0,0,4,0.86,7.43,296.197143554688,23.0471435546875
2013,"2013-01-16","2013-01-22",6,1,1835,16.57,6.86,1.14,8.57,5.71,12.57,70.29,66.29,34.86,0,2.86,15.43,0.57,4,296.317143031529,23.1671430315291
2013,"2013-01-23","2013-01-29",6,9,1842,2.86,1.43,1.14,9.71,5.43,19.14,17.71,24.57,19.71,0.29,1.14,30,0,3.14,296.147142682757,22.9971426827567
2013,"2013-02-07","2013-02-13",6,1,1857,4.57,64.71,1.71,12,10.29,9.71,9.14,28.57,150,7.43,9.71,932.35,0,0,295.561423165458,22.4114231654576
2013,"2013-02-14","2013-02-20",6,1,1864,1.14,4,1.43,8.86,9.14,7.43,4.57,7.43,23.14,2.29,1.43,67.71,0,0,294.958570207868,21.8085702078683
2013,"2013-02-21","2013-03-06",13,1,1878,5.43,3.71,3.14,125.43,56,76.57,37.71,45.71,104,0.86,12.57,68.86,2.57,1.14,294.955716814314,21.8057168143137
2013,"2013-03-07","2013-03-20",13,1,1892,4.57,42,23.14,55.43,62.57,57.14,65.43,58.57,86.29,1.71,25.71,38,1.14,0.29,295.016429356166,21.8664293561663
2013,"2013-03-21","2013-04-03",13,1,1906,17.71,16.57,10,16.57,49.14,27.43,22.57,49.71,106.57,5.14,24,79.71,0.29,0,295.177856445312,22.0278564453125
2013,"2013-04-04","2013-04-17",13,1,1920,6.29,7.43,0.57,31.14,21.43,26,11.14,28.29,71.43,2.57,3.71,13.43,0,0,295.149998256138,21.9999982561384
2013,"2013-04-18","2013-05-01",13,1,1934,9.71,4.29,10,57.14,24,20.57,6.86,14.57,41.71,1.14,3.71,10,0,0,296.714283534459,23.5642835344588
2013,"2013-05-02","2013-05-15",13,1,1948,2.43,7.57,4.14,9.43,7.71,6.29,1.57,4.86,19.57,4.14,0.43,9.57,0,0.14,296.962857927595,23.8128579275949
2013,"2013-05-16","2013-05-29",13,1,1962,3.71,6.43,3.86,8.29,7.71,5.86,1.57,3.57,28.14,2.57,1.14,3.29,0,0.14,298.977142333984,25.8271423339844
2013,"2013-05-30","2013-06-12",13,1,1976,2,5.71,3.86,4.14,5.71,6.71,1,1.14,17.43,2.14,1.43,1.57,0,0,300.486426217215,27.3364262172154
2013,"2013-06-13","2013-06-26",13,1,1990,0.14,5.29,3.14,2.14,6.43,7.43,0.43,0.71,18.71,0.29,0.14,0.57,0,0,302.067143031529,28.9171430315291
2013,"2013-06-27","2013-07-10",13,1,2004,1,4.71,4.71,2,6.29,9,0.14,1.14,14.14,1.57,1.57,1.29,0.14,0,302.303567068917,29.1535670689174
2013,"2013-07-11","2013-07-24",13,1,2018,0.43,3.43,2.71,13,12.57,23.29,0,0.86,9.43,1,1.57,0.57,0,0,301.882145472935,28.7321454729353
2013,"2013-07-25","2013-08-07",13,1,2032,0,6.71,3.29,7.43,11.86,15.43,1.29,0.71,0.43,0,0.43,0.29,0,0.14,302.661429268973,29.5114292689732
2013,"2013-08-08","2013-08-21",13,1,2046,0.14,3.43,3.86,12,15.86,16.29,0.29,0.29,9.71,0.86,1,1,0,0,302.801428658622,29.6514286586217
2013,"2013-08-22","2013-09-04",13,1,2060,0.57,1.43,1.86,6.57,8.43,3.86,0.57,1.43,3,0.14,0,0.71,0,0,301.960000174386,28.8100001743862
2013,"2013-09-05","2013-09-18",13,1,2074,0.29,3.29,2.43,5.71,28.86,12,0,2.14,3,0.71,0.57,0,0,0,302.294998168945,29.1449981689453
2013,"2013-09-19","2013-10-02",13,1,2088,0.57,4.57,1.14,4.29,36,24.29,0.29,0.29,9.14,0,0.86,0,0,0,301.916429792132,28.7664297921317
2013,"2013-10-03","2013-10-16",13,1,2102,0.43,6.29,0.86,5.86,26.71,13.14,0,2.57,5.86,0.86,0.57,0.29,0,0,301.46713910784,28.3171391078404
2013,"2013-10-17","2013-10-30",13,1,2116,2.86,4.43,3.14,5.43,22.86,11.14,0.14,2,4.86,0.29,0.29,0.29,0,0,300.129281180246,26.9792811802456
2013,"2013-10-31","2013-11-13",13,10,2130,1,0.43,0.71,1.86,3.71,2.57,0.29,0,1.14,0,0.14,0.29,0,0.14,299.024283272879,25.8742832728795
2013,"2013-11-23","2013-11-29",6,1,2146,10.29,9.43,0.29,5.43,4.86,4.29,35.43,30.29,5.43,0.29,0.86,0,0,0,297.565717424665,24.4157174246652
2013,"2013-11-30","2013-12-06",6,1,2153,4,17.71,0.57,1.14,2.86,7.43,88,48.57,13.14,0,2.86,0,0.57,0.57,297.01571219308,23.8657121930804
2013,"2013-12-07","2013-12-13",6,1,2160,2.86,10.57,2,6.29,4,4,56.57,37.71,5.43,0.29,0.86,0,0,1.71,296.728572300502,23.5785723005022
2013,"2013-12-14","2013-12-20",6,1,2167,4,5.43,1.71,3.43,1.14,0.86,13.14,6.86,1.71,1.43,0,0,0,0,296.450003487723,23.3000034877232
2013,"2013-12-21","2013-12-27",6,1,2174,2.86,4,1.43,2.57,0.57,0.29,11.71,6.86,5.43,0,0,0.57,0,0,296.935712541853,23.7857125418527
2013,"2013-12-28","2014-01-03",6,1,2181,0,5.43,1.14,0.86,0.86,0.86,3.71,5.43,5.71,0,0,0.57,0,0,296.151428222656,23.0014282226563
2014,"2014-01-04","2014-01-10",6,1,2188,1.14,0.29,0.29,1.14,0,0.57,4.29,3.43,6.86,0.86,0,6,0,0,294.900002615792,21.7500026157924
2014,"2014-01-11","2014-01-17",6,1,2195,1.14,0,1.71,1.43,0.86,0.86,7.14,5.43,4,0.29,0.57,7.43,0,0.86,294.885716029576,21.7357160295759
2014,"2014-01-18","2014-01-24",6,1,2202,5.71,2.29,1.14,2.86,6.86,6.86,45.71,34.86,16,0,8,57.71,0,2.29,294.225712367467,21.0757123674666
2014,"2014-01-25","2014-01-31",6,1,2209,12.57,32,3.43,7.43,12.57,13.14,66.29,57.71,119.43,5.71,21.71,609.14,0,1.71,294.61714390346,21.4671439034598
2014,"2014-02-01","2014-02-07",6,1,2216,6.29,18.29,0,4.57,6.86,7.43,31.43,44.57,44.57,4,6.29,430.86,0,1.71,294.590000697545,21.4400006975447
2014,"2014-02-08","2014-02-14",6,1,2223,2,0.29,0,0.57,2.29,2.29,0.86,4.57,7.43,0.29,1.43,26,0,0.29,294.55428641183,21.4042864118304
2014,"2014-02-15","2014-02-21",6,1,2230,2.86,4,0,2.29,4,2.86,6.86,10.86,15.71,0.29,1.14,42,0.29,1.71,295.002851213728,21.8528512137277
2014,"2014-02-22","2014-02-28",6,1,2237,2.29,2.57,0.86,1.71,2.57,2.86,4.86,5.14,9.43,1.43,2.29,32,0,0.57,295.324288504464,22.1742885044643
2014,"2014-03-01","2014-03-08",7,NA,2245,3,6,0.75,2.75,5.5,6.25,5.25,9.5,28,1,2.5,37.25,0,2.5,295.691249847412,22.5412498474121
